"business_date","hour_of_day","dining_unit_id","actual_demand","actual_staff_count","baseline_demand_forecast","event_adjusted_forecast","recommended_staff_count"
2024-08-20,0,1,28,3,58.2500000000000000,58.25,3
2024-08-20,0,2,107,5,78.0000000000000000,78.00,4
2024-08-20,0,3,59,3,72.2500000000000000,72.25,4
2024-08-20,0,4,106,5,87.2500000000000000,87.25,5
2024-08-20,1,1,33,3,59.5000000000000000,59.50,3
2024-08-20,1,2,90,4,84.0000000000000000,84.00,5
2024-08-20,1,3,70,3,66.7500000000000000,66.75,4
2024-08-20,1,4,66,3,63.0000000000000000,63.00,4
2024-08-20,2,1,57,3,92.5000000000000000,92.50,5
2024-08-20,2,2,63,3,91.2500000000000000,91.25,5
2024-08-20,2,3,116,5,70.0000000000000000,70.00,4
2024-08-20,2,4,42,3,79.5000000000000000,79.50,4
2024-08-20,3,1,98,4,52.2500000000000000,52.25,3
2024-08-20,3,2,20,3,48.7500000000000000,48.75,3
2024-08-20,3,3,33,3,53.0000000000000000,53.00,3
2024-08-20,3,4,89,4,60.7500000000000000,60.75,4
2024-08-20,4,1,48,3,89.2500000000000000,89.25,5
2024-08-20,4,2,67,3,70.2500000000000000,70.25,4
2024-08-20,4,3,98,4,71.2500000000000000,71.25,4
2024-08-20,4,4,116,5,104.0000000000000000,104.00,6
2024-08-20,5,1,86,4,66.0000000000000000,66.00,4
2024-08-20,5,2,94,4,89.7500000000000000,89.75,5
2024-08-20,5,3,47,3,48.0000000000000000,48.00,3
2024-08-20,5,4,94,4,85.0000000000000000,85.00,5
2024-08-20,6,1,110,5,76.5000000000000000,76.50,4
2024-08-20,6,2,67,3,71.2500000000000000,71.25,4
2024-08-20,6,3,52,3,37.2500000000000000,37.25,2
2024-08-20,6,4,48,3,79.0000000000000000,79.00,4
2024-08-20,7,1,37,3,78.0000000000000000,78.00,4
2024-08-20,7,2,32,3,51.5000000000000000,51.50,3
2024-08-20,7,3,64,3,55.7500000000000000,55.75,3
2024-08-20,7,4,46,3,75.5000000000000000,75.50,4
2024-08-20,8,1,21,3,30.0000000000000000,30.00,2
2024-08-20,8,2,52,3,62.7500000000000000,62.75,4
2024-08-20,8,3,30,3,78.2500000000000000,78.25,4
2024-08-20,8,4,26,3,64.7500000000000000,64.75,4
2024-08-20,9,1,40,3,61.0000000000000000,61.00,4
2024-08-20,9,2,107,5,75.0000000000000000,75.00,4
2024-08-20,9,3,74,3,102.7500000000000000,102.75,6
2024-08-20,9,4,25,3,58.2500000000000000,58.25,3
2024-08-20,10,1,37,3,47.7500000000000000,47.75,3
2024-08-20,10,2,69,3,76.7500000000000000,76.75,4
2024-08-20,10,3,31,3,60.5000000000000000,60.50,4
2024-08-20,10,4,23,3,60.5000000000000000,60.50,4
2024-08-20,11,1,67,3,43.2500000000000000,43.25,3
2024-08-20,11,2,68,3,47.2500000000000000,47.25,3
2024-08-20,11,3,106,5,65.7500000000000000,65.75,4
2024-08-20,11,4,40,3,55.7500000000000000,55.75,3
2024-08-20,12,1,100,5,58.7500000000000000,58.75,3
2024-08-20,12,2,75,3,72.5000000000000000,72.50,4
2024-08-20,12,3,71,3,78.2500000000000000,78.25,4
2024-08-20,12,4,103,5,74.7500000000000000,74.75,4
2024-08-20,13,1,117,5,87.0000000000000000,87.00,5
2024-08-20,13,2,103,5,77.5000000000000000,77.50,4
2024-08-20,13,3,29,3,60.7500000000000000,60.75,4
2024-08-20,13,4,77,3,64.0000000000000000,64.00,4
2024-08-20,14,1,58,3,85.5000000000000000,85.50,5
2024-08-20,14,2,92,4,63.2500000000000000,63.25,4
2024-08-20,14,3,114,5,85.2500000000000000,85.25,5
2024-08-20,14,4,39,3,77.2500000000000000,77.25,4
2024-08-20,15,1,63,3,61.5000000000000000,61.50,4
2024-08-20,15,2,74,3,60.5000000000000000,60.50,4
2024-08-20,15,3,100,5,74.0000000000000000,74.00,4
2024-08-20,15,4,56,3,55.7500000000000000,55.75,3
2024-08-20,16,1,29,3,66.5000000000000000,66.50,4
2024-08-20,16,2,73,3,82.5000000000000000,82.50,5
2024-08-20,16,3,70,3,60.7500000000000000,60.75,4
2024-08-20,16,4,111,5,78.0000000000000000,78.00,4
2024-08-20,17,1,31,3,68.5000000000000000,68.50,4
2024-08-20,17,2,76,3,59.0000000000000000,59.00,3
2024-08-20,17,3,76,3,50.0000000000000000,50.00,3
2024-08-20,17,4,82,4,73.0000000000000000,73.00,4
2024-08-20,18,1,82,4,55.5000000000000000,55.50,3
2024-08-20,18,2,22,3,52.2500000000000000,52.25,3
2024-08-20,18,3,114,5,94.5000000000000000,94.50,5
2024-08-20,18,4,27,3,47.7500000000000000,47.75,3
2024-08-20,19,1,82,4,64.5000000000000000,64.50,4
2024-08-20,19,2,73,3,60.0000000000000000,60.00,3
2024-08-20,19,3,65,3,61.7500000000000000,61.75,4
2024-08-20,19,4,112,5,78.0000000000000000,78.00,4
2024-08-20,20,1,31,3,42.2500000000000000,42.25,3
2024-08-20,20,2,81,4,68.5000000000000000,68.50,4
2024-08-20,20,3,75,3,52.7500000000000000,52.75,3
2024-08-20,20,4,31,3,44.5000000000000000,44.50,3
2024-08-20,21,1,57,3,77.7500000000000000,77.75,4
2024-08-20,21,2,108,5,65.2500000000000000,65.25,4
2024-08-20,21,3,69,3,67.7500000000000000,67.75,4
2024-08-20,21,4,79,3,78.7500000000000000,78.75,4
2024-08-20,22,1,72,3,71.2500000000000000,71.25,4
2024-08-20,22,2,36,3,44.2500000000000000,44.25,3
2024-08-20,22,3,47,3,62.7500000000000000,62.75,4
2024-08-20,22,4,105,5,67.5000000000000000,67.50,4
2024-08-20,23,1,67,3,99.2500000000000000,99.25,5
2024-08-20,23,2,56,3,84.0000000000000000,84.00,5
2024-08-20,23,3,83,4,74.7500000000000000,74.75,4
2024-08-20,23,4,24,3,51.0000000000000000,51.00,3
2024-08-21,0,1,41,3,57.6666666666666667,57.67,3
2024-08-21,0,2,80,4,68.3333333333333333,68.33,4
2024-08-21,0,3,47,3,60.0000000000000000,60.00,3
2024-08-21,0,4,48,3,71.3333333333333333,71.33,4
2024-08-21,1,1,41,3,56.3333333333333333,56.33,3
2024-08-21,1,2,77,3,88.0000000000000000,88.00,5
2024-08-21,1,3,32,3,47.6666666666666667,47.67,3
2024-08-21,1,4,98,4,99.3333333333333333,99.33,5
2024-08-21,2,1,84,4,59.6666666666666667,59.67,3
2024-08-21,2,2,87,4,88.0000000000000000,88.00,5
2024-08-21,2,3,79,3,80.0000000000000000,80.00,4
2024-08-21,2,4,26,3,54.3333333333333333,54.33,3
2024-08-21,3,1,73,3,62.3333333333333333,62.33,4
2024-08-21,3,2,23,3,60.0000000000000000,60.00,3
2024-08-21,3,3,106,5,99.0000000000000000,99.00,5
2024-08-21,3,4,51,3,72.3333333333333333,72.33,4
2024-08-21,4,1,56,3,49.0000000000000000,49.00,3
2024-08-21,4,2,32,3,74.6666666666666667,74.67,4
2024-08-21,4,3,84,4,91.3333333333333333,91.33,5
2024-08-21,4,4,102,5,92.0000000000000000,92.00,5
2024-08-21,5,1,61,3,54.3333333333333333,54.33,3
2024-08-21,5,2,52,3,82.3333333333333333,82.33,5
2024-08-21,5,3,108,5,112.3333333333333333,112.33,6
2024-08-21,5,4,106,5,86.6666666666666667,86.67,5
2024-08-21,6,1,104,5,79.0000000000000000,79.00,4
2024-08-21,6,2,119,5,108.6666666666666667,108.67,6
2024-08-21,6,3,106,5,81.3333333333333333,81.33,5
2024-08-21,6,4,118,5,108.0000000000000000,108.00,6
2024-08-21,7,1,60,3,69.0000000000000000,69.00,4
2024-08-21,7,2,99,4,72.6666666666666667,72.67,4
2024-08-21,7,3,20,3,33.6666666666666667,33.67,2
2024-08-21,7,4,113,5,94.0000000000000000,94.00,5
2024-08-21,8,1,38,3,69.0000000000000000,69.00,4
2024-08-21,8,2,75,3,72.0000000000000000,72.00,4
2024-08-21,8,3,69,3,64.3333333333333333,64.33,4
2024-08-21,8,4,78,3,81.3333333333333333,81.33,5
2024-08-21,9,1,74,3,71.0000000000000000,71.00,4
2024-08-21,9,2,60,3,72.3333333333333333,72.33,4
2024-08-21,9,3,68,3,77.6666666666666667,77.67,4
2024-08-21,9,4,110,5,70.6666666666666667,70.67,4
2024-08-21,10,1,93,4,76.6666666666666667,76.67,4
2024-08-21,10,2,76,3,50.0000000000000000,50.00,3
2024-08-21,10,3,69,3,72.6666666666666667,72.67,4
2024-08-21,10,4,118,5,103.3333333333333333,103.33,6
2024-08-21,11,1,32,3,71.6666666666666667,71.67,4
2024-08-21,11,2,38,3,58.0000000000000000,58.00,3
2024-08-21,11,3,64,3,65.0000000000000000,65.00,4
2024-08-21,11,4,73,3,56.0000000000000000,56.00,3
2024-08-21,12,1,56,3,62.3333333333333333,62.33,4
2024-08-21,12,2,63,3,70.3333333333333333,70.33,4
2024-08-21,12,3,61,3,64.0000000000000000,64.00,4
2024-08-21,12,4,83,4,63.6666666666666667,63.67,4
2024-08-21,13,1,60,3,54.3333333333333333,54.33,3
2024-08-21,13,2,66,3,53.6666666666666667,53.67,3
2024-08-21,13,3,108,5,83.0000000000000000,83.00,5
2024-08-21,13,4,102,5,53.3333333333333333,53.33,3
2024-08-21,14,1,118,5,65.6666666666666667,65.67,4
2024-08-21,14,2,84,4,76.3333333333333333,76.33,4
2024-08-21,14,3,62,3,70.3333333333333333,70.33,4
2024-08-21,14,4,24,3,48.6666666666666667,48.67,3
2024-08-21,15,1,113,5,98.6666666666666667,98.67,5
2024-08-21,15,2,22,3,75.0000000000000000,75.00,4
2024-08-21,15,3,37,3,59.0000000000000000,59.00,3
2024-08-21,15,4,103,5,90.6666666666666667,90.67,5
2024-08-21,16,1,100,5,73.6666666666666667,73.67,4
2024-08-21,16,2,78,3,68.3333333333333333,68.33,4
2024-08-21,16,3,28,3,51.3333333333333333,51.33,3
2024-08-21,16,4,28,3,54.6666666666666667,54.67,3
2024-08-21,17,1,58,3,79.6666666666666667,79.67,4
2024-08-21,17,2,44,3,71.6666666666666667,71.67,4
2024-08-21,17,3,29,3,67.6666666666666667,67.67,4
2024-08-21,17,4,78,3,75.3333333333333333,75.33,4
2024-08-21,18,1,89,4,96.3333333333333333,96.33,5
2024-08-21,18,2,75,3,89.0000000000000000,89.00,5
2024-08-21,18,3,54,3,63.6666666666666667,63.67,4
2024-08-21,18,4,100,5,87.6666666666666667,87.67,5
2024-08-21,19,1,95,4,87.6666666666666667,87.67,5
2024-08-21,19,2,30,3,40.6666666666666667,40.67,3
2024-08-21,19,3,37,3,67.0000000000000000,67.00,4
2024-08-21,19,4,78,3,75.6666666666666667,75.67,4
2024-08-21,20,1,116,5,77.6666666666666667,77.67,4
2024-08-21,20,2,37,3,56.0000000000000000,56.00,3
2024-08-21,20,3,20,3,61.0000000000000000,61.00,4
2024-08-21,20,4,105,5,75.6666666666666667,75.67,4
2024-08-21,21,1,88,4,61.0000000000000000,61.00,4
2024-08-21,21,2,66,3,65.6666666666666667,65.67,4
2024-08-21,21,3,107,5,99.0000000000000000,99.00,5
2024-08-21,21,4,80,4,80.6666666666666667,80.67,5
2024-08-21,22,1,39,3,83.3333333333333333,83.33,5
2024-08-21,22,2,53,3,60.3333333333333333,60.33,4
2024-08-21,22,3,113,5,57.6666666666666667,57.67,3
2024-08-21,22,4,76,3,68.3333333333333333,68.33,4
2024-08-21,23,1,90,4,88.0000000000000000,88.00,5
2024-08-21,23,2,100,5,83.3333333333333333,83.33,5
2024-08-21,23,3,55,3,84.6666666666666667,84.67,5
2024-08-21,23,4,97,4,84.6666666666666667,84.67,5
2024-08-22,0,1,110,5,90.3333333333333333,90.33,5
2024-08-22,0,2,98,4,105.6666666666666667,105.67,6
2024-08-22,0,3,64,3,79.0000000000000000,79.00,4
2024-08-22,0,4,64,3,62.6666666666666667,62.67,4
2024-08-22,1,1,113,5,103.6666666666666667,103.67,6
2024-08-22,1,2,34,3,59.0000000000000000,59.00,3
2024-08-22,1,3,28,3,62.6666666666666667,62.67,4
2024-08-22,1,4,77,3,72.3333333333333333,72.33,4
2024-08-22,2,1,68,3,55.6666666666666667,55.67,3
2024-08-22,2,2,94,4,65.0000000000000000,65.00,4
2024-08-22,2,3,38,3,55.0000000000000000,55.00,3
2024-08-22,2,4,86,4,62.6666666666666667,62.67,4
2024-08-22,3,1,79,3,83.0000000000000000,83.00,5
2024-08-22,3,2,99,4,66.6666666666666667,66.67,4
2024-08-22,3,3,43,3,48.6666666666666667,48.67,3
2024-08-22,3,4,105,5,93.6666666666666667,93.67,5
2024-08-22,4,1,33,3,48.6666666666666667,48.67,3
2024-08-22,4,2,24,3,43.0000000000000000,43.00,3
2024-08-22,4,3,74,3,59.0000000000000000,59.00,3
2024-08-22,4,4,116,5,75.0000000000000000,75.00,4
2024-08-22,5,1,119,5,82.6666666666666667,82.67,5
2024-08-22,5,2,41,3,54.6666666666666667,54.67,3
2024-08-22,5,3,99,4,86.0000000000000000,86.00,5
2024-08-22,5,4,29,3,65.0000000000000000,65.00,4
2024-08-22,6,1,46,3,50.3333333333333333,50.33,3
2024-08-22,6,2,90,4,79.0000000000000000,79.00,4
2024-08-22,6,3,118,5,69.6666666666666667,69.67,4
2024-08-22,6,4,27,3,35.0000000000000000,35.00,2
2024-08-22,7,1,71,3,94.0000000000000000,94.00,5
2024-08-22,7,2,78,3,58.0000000000000000,58.00,3
2024-08-22,7,3,68,3,73.0000000000000000,73.00,4
2024-08-22,7,4,48,3,62.0000000000000000,62.00,4
2024-08-22,8,1,41,3,45.0000000000000000,45.00,3
2024-08-22,8,2,50,3,72.6666666666666667,72.67,4
2024-08-22,8,3,41,3,61.6666666666666667,61.67,4
2024-08-22,8,4,37,3,71.6666666666666667,71.67,4
2024-08-22,9,1,31,3,29.0000000000000000,29.00,2
2024-08-22,9,2,105,5,104.0000000000000000,104.00,6
2024-08-22,9,3,116,5,103.3333333333333333,103.33,6
2024-08-22,9,4,97,4,83.6666666666666667,83.67,5
2024-08-22,10,1,79,3,68.6666666666666667,68.67,4
2024-08-22,10,2,73,3,52.6666666666666667,52.67,3
2024-08-22,10,3,58,3,69.0000000000000000,69.00,4
2024-08-22,10,4,23,3,66.6666666666666667,66.67,4
2024-08-22,11,1,84,4,64.0000000000000000,64.00,4
2024-08-22,11,2,56,3,38.6666666666666667,38.67,2
2024-08-22,11,3,106,5,66.3333333333333333,66.33,4
2024-08-22,11,4,39,3,63.0000000000000000,63.00,4
2024-08-22,12,1,32,3,43.3333333333333333,43.33,3
2024-08-22,12,2,22,3,81.3333333333333333,81.33,5
2024-08-22,12,3,84,4,81.6666666666666667,81.67,5
2024-08-22,12,4,96,4,75.0000000000000000,75.00,4
2024-08-22,13,1,21,3,43.0000000000000000,43.00,3
2024-08-22,13,2,50,3,68.0000000000000000,68.00,4
2024-08-22,13,3,102,5,67.0000000000000000,67.00,4
2024-08-22,13,4,43,3,75.6666666666666667,75.67,4
2024-08-22,14,1,60,3,72.6666666666666667,72.67,4
2024-08-22,14,2,61,3,62.6666666666666667,62.67,4
2024-08-22,14,3,67,3,65.6666666666666667,65.67,4
2024-08-22,14,4,23,3,59.3333333333333333,59.33,3
2024-08-22,15,1,58,3,57.6666666666666667,57.67,3
2024-08-22,15,2,115,5,91.0000000000000000,91.00,5
2024-08-22,15,3,97,4,99.3333333333333333,99.33,5
2024-08-22,15,4,109,5,74.6666666666666667,74.67,4
2024-08-22,16,1,93,4,76.6666666666666667,76.67,4
2024-08-22,16,2,45,3,42.6666666666666667,42.67,3
2024-08-22,16,3,64,3,90.6666666666666667,90.67,5
2024-08-22,16,4,38,3,58.0000000000000000,58.00,3
2024-08-22,17,1,84,4,98.3333333333333333,98.33,5
2024-08-22,17,2,32,3,53.3333333333333333,53.33,3
2024-08-22,17,3,48,3,73.6666666666666667,73.67,4
2024-08-22,17,4,102,5,100.6666666666666667,100.67,6
2024-08-22,18,1,33,3,46.6666666666666667,46.67,3
2024-08-22,18,2,24,3,81.3333333333333333,81.33,5
2024-08-22,18,3,114,5,81.3333333333333333,81.33,5
2024-08-22,18,4,45,3,57.0000000000000000,57.00,3
2024-08-22,19,1,27,3,79.6666666666666667,79.67,4
2024-08-22,19,2,77,3,84.0000000000000000,84.00,5
2024-08-22,19,3,90,4,70.6666666666666667,70.67,4
2024-08-22,19,4,69,3,83.6666666666666667,83.67,5
2024-08-22,20,1,103,5,75.0000000000000000,75.00,4
2024-08-22,20,2,114,5,81.3333333333333333,81.33,5
2024-08-22,20,3,25,3,44.0000000000000000,44.00,3
2024-08-22,20,4,26,3,28.0000000000000000,28.00,2
2024-08-22,21,1,25,3,61.0000000000000000,61.00,4
2024-08-22,21,2,119,5,95.3333333333333333,95.33,5
2024-08-22,21,3,115,5,58.3333333333333333,58.33,3
2024-08-22,21,4,74,3,102.3333333333333333,102.33,6
2024-08-22,22,1,109,5,84.3333333333333333,84.33,5
2024-08-22,22,2,92,4,83.0000000000000000,83.00,5
2024-08-22,22,3,72,3,83.6666666666666667,83.67,5
2024-08-22,22,4,117,5,64.3333333333333333,64.33,4
2024-08-22,23,1,35,3,49.3333333333333333,49.33,3
2024-08-22,23,2,61,3,68.6666666666666667,68.67,4
2024-08-22,23,3,89,4,87.6666666666666667,87.67,5
2024-08-22,23,4,57,3,66.6666666666666667,66.67,4
2024-08-23,0,1,96,4,64.3333333333333333,64.33,4
2024-08-23,0,2,52,3,67.0000000000000000,67.00,4
2024-08-23,0,3,45,3,82.6666666666666667,82.67,5
2024-08-23,0,4,87,4,98.3333333333333333,98.33,5
2024-08-23,1,1,109,5,82.3333333333333333,82.33,5
2024-08-23,1,2,61,3,83.0000000000000000,83.00,5
2024-08-23,1,3,63,3,84.3333333333333333,84.33,5
2024-08-23,1,4,110,5,87.6666666666666667,87.67,5
2024-08-23,2,1,117,5,84.3333333333333333,84.33,5
2024-08-23,2,2,45,3,63.0000000000000000,63.00,4
2024-08-23,2,3,42,3,66.6666666666666667,66.67,4
2024-08-23,2,4,91,4,76.0000000000000000,76.00,4
2024-08-23,3,1,41,3,86.3333333333333333,86.33,5
2024-08-23,3,2,51,3,81.6666666666666667,81.67,5
2024-08-23,3,3,36,3,85.3333333333333333,85.33,5
2024-08-23,3,4,68,3,67.0000000000000000,67.00,4
2024-08-23,4,1,82,4,71.3333333333333333,71.33,4
2024-08-23,4,2,104,5,59.0000000000000000,59.00,3
2024-08-23,4,3,28,3,49.0000000000000000,49.00,3
2024-08-23,4,4,113,5,106.6666666666666667,106.67,6
2024-08-23,5,1,115,5,90.6666666666666667,90.67,5
2024-08-23,5,2,86,4,62.0000000000000000,62.00,4
2024-08-23,5,3,22,3,63.3333333333333333,63.33,4
2024-08-23,5,4,86,4,64.0000000000000000,64.00,4
2024-08-23,6,1,97,4,81.6666666666666667,81.67,5
2024-08-23,6,2,82,4,43.0000000000000000,43.00,3
2024-08-23,6,3,93,4,74.0000000000000000,74.00,4
2024-08-23,6,4,102,5,84.0000000000000000,84.00,5
2024-08-23,7,1,77,3,66.6666666666666667,66.67,4
2024-08-23,7,2,115,5,72.6666666666666667,72.67,4
2024-08-23,7,3,33,3,41.6666666666666667,41.67,3
2024-08-23,7,4,58,3,58.3333333333333333,58.33,3
2024-08-23,8,1,75,3,73.3333333333333333,73.33,4
2024-08-23,8,2,86,4,70.0000000000000000,70.00,4
2024-08-23,8,3,57,3,69.3333333333333333,69.33,4
2024-08-23,8,4,24,3,53.6666666666666667,53.67,3
2024-08-23,9,1,107,5,101.3333333333333333,101.33,6
2024-08-23,9,2,53,3,33.6666666666666667,33.67,2
2024-08-23,9,3,26,3,65.6666666666666667,65.67,4
2024-08-23,9,4,111,5,72.0000000000000000,72.00,4
2024-08-23,10,1,70,3,76.3333333333333333,76.33,4
2024-08-23,10,2,33,3,70.6666666666666667,70.67,4
2024-08-23,10,3,27,3,71.3333333333333333,71.33,4
2024-08-23,10,4,78,3,68.3333333333333333,68.33,4
2024-08-23,11,1,74,3,72.0000000000000000,72.00,4
2024-08-23,11,2,33,3,35.3333333333333333,35.33,2
2024-08-23,11,3,99,4,93.3333333333333333,93.33,5
2024-08-23,11,4,84,4,91.3333333333333333,91.33,5
2024-08-23,12,1,104,5,102.6666666666666667,102.67,6
2024-08-23,12,2,31,3,80.3333333333333333,80.33,5
2024-08-23,12,3,91,4,78.0000000000000000,78.00,4
2024-08-23,12,4,61,3,63.3333333333333333,63.33,4
2024-08-23,13,1,76,3,68.0000000000000000,68.00,4
2024-08-23,13,2,117,5,111.6666666666666667,111.67,6
2024-08-23,13,3,95,4,72.6666666666666667,72.67,4
2024-08-23,13,4,95,4,72.0000000000000000,72.00,4
2024-08-23,14,1,30,3,58.0000000000000000,58.00,3
2024-08-23,14,2,78,3,66.3333333333333333,66.33,4
2024-08-23,14,3,40,3,57.6666666666666667,57.67,3
2024-08-23,14,4,28,3,65.0000000000000000,65.00,4
2024-08-23,15,1,78,3,76.3333333333333333,76.33,4
2024-08-23,15,2,52,3,76.3333333333333333,76.33,4
2024-08-23,15,3,48,3,55.0000000000000000,55.00,3
2024-08-23,15,4,72,3,85.0000000000000000,85.00,5
2024-08-23,16,1,66,3,40.3333333333333333,40.33,3
2024-08-23,16,2,111,5,81.0000000000000000,81.00,5
2024-08-23,16,3,46,3,35.6666666666666667,35.67,2
2024-08-23,16,4,35,3,51.0000000000000000,51.00,3
2024-08-23,17,1,84,4,80.6666666666666667,80.67,5
2024-08-23,17,2,110,5,66.3333333333333333,66.33,4
2024-08-23,17,3,70,3,78.6666666666666667,78.67,4
2024-08-23,17,4,74,3,56.0000000000000000,56.00,3
2024-08-23,18,1,75,3,61.0000000000000000,61.00,4
2024-08-23,18,2,103,5,80.3333333333333333,80.33,5
2024-08-23,18,3,100,5,95.6666666666666667,95.67,5
2024-08-23,18,4,114,5,97.0000000000000000,97.00,5
2024-08-23,19,1,71,3,76.0000000000000000,76.00,4
2024-08-23,19,2,39,3,39.3333333333333333,39.33,2
2024-08-23,19,3,20,3,58.6666666666666667,58.67,3
2024-08-23,19,4,117,5,95.3333333333333333,95.33,5
2024-08-23,20,1,70,3,83.6666666666666667,83.67,5
2024-08-23,20,2,32,3,63.0000000000000000,63.00,4
2024-08-23,20,3,50,3,80.3333333333333333,80.33,5
2024-08-23,20,4,107,5,82.0000000000000000,82.00,5
2024-08-23,21,1,53,3,48.3333333333333333,48.33,3
2024-08-23,21,2,115,5,86.3333333333333333,86.33,5
2024-08-23,21,3,98,4,66.0000000000000000,66.00,4
2024-08-23,21,4,45,3,74.6666666666666667,74.67,4
2024-08-23,22,1,51,3,62.0000000000000000,62.00,4
2024-08-23,22,2,53,3,62.6666666666666667,62.67,4
2024-08-23,22,3,38,3,55.6666666666666667,55.67,3
2024-08-23,22,4,101,5,57.6666666666666667,57.67,3
2024-08-23,23,1,62,3,68.6666666666666667,68.67,4
2024-08-23,23,2,25,3,37.3333333333333333,37.33,2
2024-08-23,23,3,75,3,79.6666666666666667,79.67,4
2024-08-23,23,4,115,5,73.3333333333333333,73.33,4
2024-08-24,0,1,61,3,42.6666666666666667,42.67,3
2024-08-24,0,2,30,3,75.3333333333333333,75.33,4
2024-08-24,0,3,77,3,53.6666666666666667,53.67,3
2024-08-24,0,4,40,3,30.6666666666666667,30.67,2
2024-08-24,1,1,77,3,54.0000000000000000,54.00,3
2024-08-24,1,2,111,5,103.3333333333333333,103.33,6
2024-08-24,1,3,119,5,74.6666666666666667,74.67,4
2024-08-24,1,4,31,3,33.6666666666666667,33.67,2
2024-08-24,2,1,95,4,79.6666666666666667,79.67,4
2024-08-24,2,2,71,3,65.3333333333333333,65.33,4
2024-08-24,2,3,22,3,57.0000000000000000,57.00,3
2024-08-24,2,4,29,3,73.6666666666666667,73.67,4
2024-08-24,3,1,83,4,90.0000000000000000,90.00,5
2024-08-24,3,2,33,3,39.3333333333333333,39.33,2
2024-08-24,3,3,115,5,84.6666666666666667,84.67,5
2024-08-24,3,4,116,5,66.3333333333333333,66.33,4
2024-08-24,4,1,65,3,71.3333333333333333,71.33,4
2024-08-24,4,2,85,4,81.3333333333333333,81.33,5
2024-08-24,4,3,66,3,64.6666666666666667,64.67,4
2024-08-24,4,4,70,3,91.0000000000000000,91.00,5
2024-08-24,5,1,60,3,56.3333333333333333,56.33,3
2024-08-24,5,2,115,5,71.6666666666666667,71.67,4
2024-08-24,5,3,82,4,65.0000000000000000,65.00,4
2024-08-24,5,4,57,3,60.0000000000000000,60.00,3
2024-08-24,6,1,24,3,73.0000000000000000,73.00,4
2024-08-24,6,2,100,5,78.0000000000000000,78.00,4
2024-08-24,6,3,97,4,76.6666666666666667,76.67,4
2024-08-24,6,4,102,5,62.0000000000000000,62.00,4
2024-08-24,7,1,111,5,106.3333333333333333,106.33,6
2024-08-24,7,2,90,4,88.3333333333333333,88.33,5
2024-08-24,7,3,57,3,69.3333333333333333,69.33,4
2024-08-24,7,4,89,4,97.3333333333333333,97.33,5
2024-08-24,8,1,50,3,51.6666666666666667,51.67,3
2024-08-24,8,2,47,3,47.3333333333333333,47.33,3
2024-08-24,8,3,93,4,91.3333333333333333,91.33,5
2024-08-24,8,4,116,5,75.3333333333333333,75.33,4
2024-08-24,9,1,105,5,83.0000000000000000,83.00,5
2024-08-24,9,2,70,3,53.6666666666666667,53.67,3
2024-08-24,9,3,47,3,56.3333333333333333,56.33,3
2024-08-24,9,4,88,4,82.6666666666666667,82.67,5
2024-08-24,10,1,87,4,83.6666666666666667,83.67,5
2024-08-24,10,2,59,3,86.3333333333333333,86.33,5
2024-08-24,10,3,102,5,78.3333333333333333,78.33,4
2024-08-24,10,4,42,3,78.3333333333333333,78.33,4
2024-08-24,11,1,77,3,77.3333333333333333,77.33,4
2024-08-24,11,2,70,3,73.0000000000000000,73.00,4
2024-08-24,11,3,109,5,54.0000000000000000,54.00,3
2024-08-24,11,4,75,3,51.3333333333333333,51.33,3
2024-08-24,12,1,85,4,75.0000000000000000,75.00,4
2024-08-24,12,2,97,4,106.3333333333333333,106.33,6
2024-08-24,12,3,63,3,64.0000000000000000,64.00,4
2024-08-24,12,4,88,4,64.0000000000000000,64.00,4
2024-08-24,13,1,59,3,68.6666666666666667,68.67,4
2024-08-24,13,2,68,3,64.6666666666666667,64.67,4
2024-08-24,13,3,94,4,71.6666666666666667,71.67,4
2024-08-24,13,4,53,3,53.3333333333333333,53.33,3
2024-08-24,14,1,115,5,70.3333333333333333,70.33,4
2024-08-24,14,2,23,3,68.0000000000000000,68.00,4
2024-08-24,14,3,62,3,60.0000000000000000,60.00,3
2024-08-24,14,4,117,5,84.0000000000000000,84.00,5
2024-08-24,15,1,113,5,84.3333333333333333,84.33,5
2024-08-24,15,2,58,3,63.3333333333333333,63.33,4
2024-08-24,15,3,42,3,65.0000000000000000,65.00,4
2024-08-24,15,4,106,5,74.6666666666666667,74.67,4
2024-08-24,16,1,106,5,52.6666666666666667,52.67,3
2024-08-24,16,2,81,4,78.0000000000000000,78.00,4
2024-08-24,16,3,69,3,75.3333333333333333,75.33,4
2024-08-24,16,4,45,3,50.6666666666666667,50.67,3
2024-08-24,17,1,87,4,85.3333333333333333,85.33,5
2024-08-24,17,2,85,4,75.6666666666666667,75.67,4
2024-08-24,17,3,62,3,84.6666666666666667,84.67,5
2024-08-24,17,4,41,3,88.0000000000000000,88.00,5
2024-08-24,18,1,78,3,91.6666666666666667,91.67,5
2024-08-24,18,2,24,3,37.3333333333333333,37.33,2
2024-08-24,18,3,87,4,96.3333333333333333,96.33,5
2024-08-24,18,4,35,3,38.6666666666666667,38.67,2
2024-08-24,19,1,105,5,87.3333333333333333,87.33,5
2024-08-24,19,2,98,4,85.3333333333333333,85.33,5
2024-08-24,19,3,100,5,89.6666666666666667,89.67,5
2024-08-24,19,4,64,3,48.6666666666666667,48.67,3
2024-08-24,20,1,93,4,72.0000000000000000,72.00,4
2024-08-24,20,2,68,3,45.3333333333333333,45.33,3
2024-08-24,20,3,95,4,93.6666666666666667,93.67,5
2024-08-24,20,4,61,3,74.0000000000000000,74.00,4
2024-08-24,21,1,69,3,43.6666666666666667,43.67,3
2024-08-24,21,2,79,3,64.3333333333333333,64.33,4
2024-08-24,21,3,114,5,100.6666666666666667,100.67,6
2024-08-24,21,4,116,5,86.6666666666666667,86.67,5
2024-08-24,22,1,99,4,74.6666666666666667,74.67,4
2024-08-24,22,2,52,3,63.6666666666666667,63.67,4
2024-08-24,22,3,70,3,64.0000000000000000,64.00,4
2024-08-24,22,4,56,3,59.0000000000000000,59.00,3
2024-08-24,23,1,60,3,67.6666666666666667,67.67,4
2024-08-24,23,2,32,3,47.0000000000000000,47.00,3
2024-08-24,23,3,44,3,55.6666666666666667,55.67,3
2024-08-24,23,4,78,3,72.3333333333333333,72.33,4
2024-08-25,0,1,85,4,87.6666666666666667,87.67,5
2024-08-25,0,2,62,3,74.3333333333333333,74.33,4
2024-08-25,0,3,110,5,73.6666666666666667,73.67,4
2024-08-25,0,4,50,3,76.0000000000000000,76.00,4
2024-08-25,1,1,48,3,68.0000000000000000,68.00,4
2024-08-25,1,2,119,5,92.6666666666666667,92.67,5
2024-08-25,1,3,41,3,54.0000000000000000,54.00,3
2024-08-25,1,4,30,3,70.0000000000000000,70.00,4
2024-08-25,2,1,96,4,80.0000000000000000,80.00,4
2024-08-25,2,2,75,3,47.3333333333333333,47.33,3
2024-08-25,2,3,44,3,74.0000000000000000,74.00,4
2024-08-25,2,4,109,5,88.0000000000000000,88.00,5
2024-08-25,3,1,69,3,81.0000000000000000,81.00,5
2024-08-25,3,2,20,3,57.0000000000000000,57.00,3
2024-08-25,3,3,51,3,64.3333333333333333,64.33,4
2024-08-25,3,4,108,5,78.6666666666666667,78.67,4
2024-08-25,4,1,101,5,100.3333333333333333,100.33,6
2024-08-25,4,2,65,3,73.0000000000000000,73.00,4
2024-08-25,4,3,110,5,83.0000000000000000,83.00,5
2024-08-25,4,4,63,3,59.3333333333333333,59.33,3
2024-08-25,5,1,98,4,79.3333333333333333,79.33,4
2024-08-25,5,2,64,3,84.3333333333333333,84.33,5
2024-08-25,5,3,93,4,60.3333333333333333,60.33,4
2024-08-25,5,4,79,3,73.6666666666666667,73.67,4
2024-08-25,6,1,58,3,74.0000000000000000,74.00,4
2024-08-25,6,2,93,4,81.6666666666666667,81.67,5
2024-08-25,6,3,71,3,67.3333333333333333,67.33,4
2024-08-25,6,4,115,5,70.3333333333333333,70.33,4
2024-08-25,7,1,116,5,61.6666666666666667,61.67,4
2024-08-25,7,2,34,3,82.0000000000000000,82.00,5
2024-08-25,7,3,34,3,67.3333333333333333,67.33,4
2024-08-25,7,4,36,3,66.3333333333333333,66.33,4
2024-08-25,8,1,43,3,63.0000000000000000,63.00,4
2024-08-25,8,2,49,3,61.0000000000000000,61.00,4
2024-08-25,8,3,79,3,61.3333333333333333,61.33,4
2024-08-25,8,4,24,3,65.3333333333333333,65.33,4
2024-08-25,9,1,30,3,56.3333333333333333,56.33,3
2024-08-25,9,2,91,4,87.6666666666666667,87.67,5
2024-08-25,9,3,67,3,72.0000000000000000,72.00,4
2024-08-25,9,4,90,4,73.3333333333333333,73.33,4
2024-08-25,10,1,25,3,48.0000000000000000,48.00,3
2024-08-25,10,2,74,3,92.3333333333333333,92.33,5
2024-08-25,10,3,70,3,83.0000000000000000,83.00,5
2024-08-25,10,4,25,3,43.6666666666666667,43.67,3
2024-08-25,11,1,57,3,91.3333333333333333,91.33,5
2024-08-25,11,2,112,5,97.3333333333333333,97.33,5
2024-08-25,11,3,45,3,71.0000000000000000,71.00,4
2024-08-25,11,4,33,3,56.3333333333333333,56.33,3
2024-08-25,12,1,42,3,59.6666666666666667,59.67,3
2024-08-25,12,2,28,3,29.3333333333333333,29.33,2
2024-08-25,12,3,48,3,77.6666666666666667,77.67,4
2024-08-25,12,4,76,3,79.0000000000000000,79.00,4
2024-08-25,13,1,58,3,66.0000000000000000,66.00,4
2024-08-25,13,2,114,5,65.0000000000000000,65.00,4
2024-08-25,13,3,39,3,66.6666666666666667,66.67,4
2024-08-25,13,4,64,3,65.6666666666666667,65.67,4
2024-08-25,14,1,114,5,84.6666666666666667,84.67,5
2024-08-25,14,2,84,4,60.0000000000000000,60.00,3
2024-08-25,14,3,58,3,73.0000000000000000,73.00,4
2024-08-25,14,4,119,5,70.3333333333333333,70.33,4
2024-08-25,15,1,58,3,53.6666666666666667,53.67,3
2024-08-25,15,2,27,3,57.6666666666666667,57.67,3
2024-08-25,15,3,84,4,93.6666666666666667,93.67,5
2024-08-25,15,4,107,5,90.0000000000000000,90.00,5
2024-08-25,16,1,90,4,76.3333333333333333,76.33,4
2024-08-25,16,2,63,3,81.3333333333333333,81.33,5
2024-08-25,16,3,33,3,76.6666666666666667,76.67,4
2024-08-25,16,4,50,3,69.0000000000000000,69.00,4
2024-08-25,17,1,60,3,67.6666666666666667,67.67,4
2024-08-25,17,2,29,3,64.0000000000000000,64.00,4
2024-08-25,17,3,49,3,57.3333333333333333,57.33,3
2024-08-25,17,4,90,4,80.3333333333333333,80.33,5
2024-08-25,18,1,98,4,56.6666666666666667,56.67,3
2024-08-25,18,2,58,3,82.0000000000000000,82.00,5
2024-08-25,18,3,73,3,73.3333333333333333,73.33,4
2024-08-25,18,4,108,5,72.6666666666666667,72.67,4
2024-08-25,19,1,60,3,76.0000000000000000,76.00,4
2024-08-25,19,2,76,3,56.3333333333333333,56.33,3
2024-08-25,19,3,26,3,49.3333333333333333,49.33,3
2024-08-25,19,4,27,3,63.0000000000000000,63.00,4
2024-08-25,20,1,117,5,68.0000000000000000,68.00,4
2024-08-25,20,2,34,3,54.3333333333333333,54.33,3
2024-08-25,20,3,65,3,79.6666666666666667,79.67,4
2024-08-25,20,4,62,3,57.0000000000000000,57.00,3
2024-08-25,21,1,22,3,51.3333333333333333,51.33,3
2024-08-25,21,2,80,4,66.6666666666666667,66.67,4
2024-08-25,21,3,116,5,78.6666666666666667,78.67,4
2024-08-25,21,4,25,3,65.6666666666666667,65.67,4
2024-08-25,22,1,44,3,72.3333333333333333,72.33,4
2024-08-25,22,2,60,3,71.6666666666666667,71.67,4
2024-08-25,22,3,65,3,54.3333333333333333,54.33,3
2024-08-25,22,4,67,3,77.3333333333333333,77.33,4
2024-08-25,23,1,104,5,80.6666666666666667,80.67,5
2024-08-25,23,2,84,4,79.0000000000000000,79.00,4
2024-08-25,23,3,46,3,61.0000000000000000,61.00,4
2024-08-25,23,4,89,4,66.0000000000000000,66.00,4
2024-08-26,0,1,79,3,68.3333333333333333,68.33,4
2024-08-26,0,2,46,3,59.3333333333333333,59.33,3
2024-08-26,0,3,55,3,88.6666666666666667,88.67,5
2024-08-26,0,4,76,3,55.6666666666666667,55.67,3
2024-08-26,1,1,82,4,74.6666666666666667,74.67,4
2024-08-26,1,2,86,4,76.3333333333333333,76.33,4
2024-08-26,1,3,78,3,61.6666666666666667,61.67,4
2024-08-26,1,4,96,4,101.3333333333333333,101.33,6
2024-08-26,2,1,58,3,51.0000000000000000,51.00,3
2024-08-26,2,2,116,5,80.6666666666666667,80.67,5
2024-08-26,2,3,63,3,73.0000000000000000,73.00,4
2024-08-26,2,4,89,4,88.6666666666666667,88.67,5
2024-08-26,3,1,115,5,83.3333333333333333,83.33,5
2024-08-26,3,2,44,3,62.6666666666666667,62.67,4
2024-08-26,3,3,86,4,91.3333333333333333,91.33,5
2024-08-26,3,4,59,3,62.0000000000000000,62.00,4
2024-08-26,4,1,60,3,92.6666666666666667,92.67,5
2024-08-26,4,2,119,5,56.3333333333333333,56.33,3
2024-08-26,4,3,63,3,39.3333333333333333,39.33,2
2024-08-26,4,4,49,3,60.0000000000000000,60.00,3
2024-08-26,5,1,118,5,97.6666666666666667,97.67,5
2024-08-26,5,2,73,3,74.0000000000000000,74.00,4
2024-08-26,5,3,101,5,88.0000000000000000,88.00,5
2024-08-26,5,4,73,3,60.6666666666666667,60.67,4
2024-08-26,6,1,83,4,73.3333333333333333,73.33,4
2024-08-26,6,2,100,5,53.3333333333333333,53.33,3
2024-08-26,6,3,95,4,77.3333333333333333,77.33,4
2024-08-26,6,4,35,3,74.6666666666666667,74.67,4
2024-08-26,7,1,80,4,76.3333333333333333,76.33,4
2024-08-26,7,2,110,5,70.6666666666666667,70.67,4
2024-08-26,7,3,90,4,71.3333333333333333,71.33,4
2024-08-26,7,4,23,3,71.6666666666666667,71.67,4
2024-08-26,8,1,119,5,74.0000000000000000,74.00,4
2024-08-26,8,2,101,5,102.0000000000000000,102.00,6
2024-08-26,8,3,62,3,79.6666666666666667,79.67,4
2024-08-26,8,4,21,3,55.0000000000000000,55.00,3
2024-08-26,9,1,34,3,50.0000000000000000,50.00,3
2024-08-26,9,2,101,5,72.3333333333333333,72.33,4
2024-08-26,9,3,98,4,70.0000000000000000,70.00,4
2024-08-26,9,4,53,3,64.6666666666666667,64.67,4
2024-08-26,10,1,90,4,102.0000000000000000,102.00,6
2024-08-26,10,2,62,3,72.0000000000000000,72.00,4
2024-08-26,10,3,37,3,43.3333333333333333,43.33,3
2024-08-26,10,4,80,4,83.0000000000000000,83.00,5
2024-08-26,11,1,30,3,51.0000000000000000,51.00,3
2024-08-26,11,2,117,5,52.3333333333333333,52.33,3
2024-08-26,11,3,47,3,41.0000000000000000,41.00,3
2024-08-26,11,4,27,3,52.6666666666666667,52.67,3
2024-08-26,12,1,83,4,53.6666666666666667,53.67,3
2024-08-26,12,2,119,5,60.0000000000000000,60.00,3
2024-08-26,12,3,22,3,44.0000000000000000,44.00,3
2024-08-26,12,4,73,3,70.6666666666666667,70.67,4
2024-08-26,13,1,73,3,89.0000000000000000,89.00,5
2024-08-26,13,2,117,5,86.0000000000000000,86.00,5
2024-08-26,13,3,65,3,82.6666666666666667,82.67,5
2024-08-26,13,4,55,3,74.6666666666666667,74.67,4
2024-08-26,14,1,101,5,76.6666666666666667,76.67,4
2024-08-26,14,2,87,4,74.6666666666666667,74.67,4
2024-08-26,14,3,52,3,80.3333333333333333,80.33,5
2024-08-26,14,4,55,3,50.0000000000000000,50.00,3
2024-08-26,15,1,82,4,61.0000000000000000,61.00,4
2024-08-26,15,2,57,3,85.6666666666666667,85.67,5
2024-08-26,15,3,28,3,71.0000000000000000,71.00,4
2024-08-26,15,4,74,3,52.0000000000000000,52.00,3
2024-08-26,16,1,71,3,72.0000000000000000,72.00,4
2024-08-26,16,2,34,3,65.0000000000000000,65.00,4
2024-08-26,16,3,69,3,56.0000000000000000,56.00,3
2024-08-26,16,4,32,3,58.3333333333333333,58.33,3
2024-08-26,17,1,66,3,69.3333333333333333,69.33,4
2024-08-26,17,2,31,3,68.6666666666666667,68.67,4
2024-08-26,17,3,78,3,79.6666666666666667,79.67,4
2024-08-26,17,4,89,4,102.0000000000000000,102.00,6
2024-08-26,18,1,62,3,49.3333333333333333,49.33,3
2024-08-26,18,2,98,4,88.3333333333333333,88.33,5
2024-08-26,18,3,53,3,75.3333333333333333,75.33,4
2024-08-26,18,4,51,3,43.3333333333333333,43.33,3
2024-08-26,19,1,75,3,45.3333333333333333,45.33,3
2024-08-26,19,2,36,3,64.3333333333333333,64.33,4
2024-08-26,19,3,67,3,44.6666666666666667,44.67,3
2024-08-26,19,4,20,3,73.0000000000000000,73.00,4
2024-08-26,20,1,117,5,76.3333333333333333,76.33,4
2024-08-26,20,2,60,3,86.0000000000000000,86.00,5
2024-08-26,20,3,58,3,65.0000000000000000,65.00,4
2024-08-26,20,4,75,3,79.6666666666666667,79.67,4
2024-08-26,21,1,22,3,59.6666666666666667,59.67,3
2024-08-26,21,2,45,3,56.0000000000000000,56.00,3
2024-08-26,21,3,65,3,52.6666666666666667,52.67,3
2024-08-26,21,4,54,3,69.3333333333333333,69.33,4
2024-08-26,22,1,71,3,84.0000000000000000,84.00,5
2024-08-26,22,2,93,4,85.6666666666666667,85.67,5
2024-08-26,22,3,58,3,73.0000000000000000,73.00,4
2024-08-26,22,4,100,5,83.6666666666666667,83.67,5
2024-08-26,23,1,100,5,92.6666666666666667,92.67,5
2024-08-26,23,2,65,3,54.6666666666666667,54.67,3
2024-08-26,23,3,22,3,55.6666666666666667,55.67,3
2024-08-26,23,4,89,4,88.3333333333333333,88.33,5
2024-08-27,0,1,89,4,58.2500000000000000,58.25,3
2024-08-27,0,2,68,3,78.0000000000000000,78.00,4
2024-08-27,0,3,73,3,72.2500000000000000,72.25,4
2024-08-27,0,4,97,4,87.2500000000000000,87.25,5
2024-08-27,1,1,35,3,59.5000000000000000,59.50,3
2024-08-27,1,2,117,5,84.0000000000000000,84.00,5
2024-08-27,1,3,67,3,66.7500000000000000,66.75,4
2024-08-27,1,4,71,3,63.0000000000000000,63.00,4
2024-08-27,2,1,109,5,92.5000000000000000,92.50,5
2024-08-27,2,2,115,5,91.2500000000000000,91.25,5
2024-08-27,2,3,23,3,70.0000000000000000,70.00,4
2024-08-27,2,4,118,5,79.5000000000000000,79.50,4
2024-08-27,3,1,21,3,52.2500000000000000,52.25,3
2024-08-27,3,2,67,3,48.7500000000000000,48.75,3
2024-08-27,3,3,47,3,53.0000000000000000,53.00,3
2024-08-27,3,4,32,3,60.7500000000000000,60.75,4
2024-08-27,4,1,91,4,89.2500000000000000,89.25,5
2024-08-27,4,2,118,5,70.2500000000000000,70.25,4
2024-08-27,4,3,77,3,71.2500000000000000,71.25,4
2024-08-27,4,4,108,5,104.0000000000000000,104.00,6
2024-08-27,5,1,33,3,66.0000000000000000,66.00,4
2024-08-27,5,2,116,5,89.7500000000000000,89.75,5
2024-08-27,5,3,89,4,48.0000000000000000,48.00,3
2024-08-27,5,4,56,3,85.0000000000000000,85.00,5
2024-08-27,6,1,107,5,76.5000000000000000,76.50,4
2024-08-27,6,2,110,5,71.2500000000000000,71.25,4
2024-08-27,6,3,38,3,37.2500000000000000,37.25,2
2024-08-27,6,4,66,3,79.0000000000000000,79.00,4
2024-08-27,7,1,118,5,78.0000000000000000,78.00,4
2024-08-27,7,2,47,3,51.5000000000000000,51.50,3
2024-08-27,7,3,66,3,55.7500000000000000,55.75,3
2024-08-27,7,4,62,3,75.5000000000000000,75.50,4
2024-08-27,8,1,22,3,30.0000000000000000,30.00,2
2024-08-27,8,2,79,3,62.7500000000000000,62.75,4
2024-08-27,8,3,109,5,78.2500000000000000,78.25,4
2024-08-27,8,4,88,4,64.7500000000000000,64.75,4
2024-08-27,9,1,50,3,61.0000000000000000,61.00,4
2024-08-27,9,2,39,3,75.0000000000000000,75.00,4
2024-08-27,9,3,117,5,102.7500000000000000,102.75,6
2024-08-27,9,4,57,3,58.2500000000000000,58.25,3
2024-08-27,10,1,30,3,47.7500000000000000,47.75,3
2024-08-27,10,2,69,3,76.7500000000000000,76.75,4
2024-08-27,10,3,64,3,60.5000000000000000,60.50,4
2024-08-27,10,4,90,4,60.5000000000000000,60.50,4
2024-08-27,11,1,43,3,43.2500000000000000,43.25,3
2024-08-27,11,2,24,3,47.2500000000000000,47.25,3
2024-08-27,11,3,54,3,65.7500000000000000,65.75,4
2024-08-27,11,4,106,5,55.7500000000000000,55.75,3
2024-08-27,12,1,29,3,58.7500000000000000,58.75,3
2024-08-27,12,2,45,3,72.5000000000000000,72.50,4
2024-08-27,12,3,107,5,78.2500000000000000,78.25,4
2024-08-27,12,4,21,3,74.7500000000000000,74.75,4
2024-08-27,13,1,92,4,87.0000000000000000,87.00,5
2024-08-27,13,2,114,5,77.5000000000000000,77.50,4
2024-08-27,13,3,92,4,60.7500000000000000,60.75,4
2024-08-27,13,4,21,3,64.0000000000000000,64.00,4
2024-08-27,14,1,90,4,85.5000000000000000,85.50,5
2024-08-27,14,2,42,3,63.2500000000000000,63.25,4
2024-08-27,14,3,108,5,85.2500000000000000,85.25,5
2024-08-27,14,4,98,4,77.2500000000000000,77.25,4
2024-08-27,15,1,80,4,61.5000000000000000,61.50,4
2024-08-27,15,2,90,4,60.5000000000000000,60.50,4
2024-08-27,15,3,69,3,74.0000000000000000,74.00,4
2024-08-27,15,4,53,3,55.7500000000000000,55.75,3
2024-08-27,16,1,58,3,66.5000000000000000,66.50,4
2024-08-27,16,2,78,3,82.5000000000000000,82.50,5
2024-08-27,16,3,34,3,60.7500000000000000,60.75,4
2024-08-27,16,4,93,4,78.0000000000000000,78.00,4
2024-08-27,17,1,111,5,68.5000000000000000,68.50,4
2024-08-27,17,2,70,3,59.0000000000000000,59.00,3
2024-08-27,17,3,51,3,50.0000000000000000,50.00,3
2024-08-27,17,4,78,3,73.0000000000000000,73.00,4
2024-08-27,18,1,33,3,55.5000000000000000,55.50,3
2024-08-27,18,2,103,5,52.2500000000000000,52.25,3
2024-08-27,18,3,53,3,94.5000000000000000,94.50,5
2024-08-27,18,4,47,3,47.7500000000000000,47.75,3
2024-08-27,19,1,26,3,64.5000000000000000,64.50,4
2024-08-27,19,2,64,3,60.0000000000000000,60.00,3
2024-08-27,19,3,54,3,61.7500000000000000,61.75,4
2024-08-27,19,4,40,3,78.0000000000000000,78.00,4
2024-08-27,20,1,29,3,42.2500000000000000,42.25,3
2024-08-27,20,2,34,3,68.5000000000000000,68.50,4
2024-08-27,20,3,25,3,52.7500000000000000,52.75,3
2024-08-27,20,4,58,3,44.5000000000000000,44.50,3
2024-08-27,21,1,119,5,77.7500000000000000,77.75,4
2024-08-27,21,2,53,3,65.2500000000000000,65.25,4
2024-08-27,21,3,71,3,67.7500000000000000,67.75,4
2024-08-27,21,4,97,4,78.7500000000000000,78.75,4
2024-08-27,22,1,52,3,71.2500000000000000,71.25,4
2024-08-27,22,2,58,3,44.2500000000000000,44.25,3
2024-08-27,22,3,98,4,62.7500000000000000,62.75,4
2024-08-27,22,4,23,3,67.5000000000000000,67.50,4
2024-08-27,23,1,119,5,99.2500000000000000,99.25,5
2024-08-27,23,2,115,5,84.0000000000000000,84.00,5
2024-08-27,23,3,73,3,74.7500000000000000,74.75,4
2024-08-27,23,4,72,3,51.0000000000000000,51.00,3
2024-08-28,0,1,88,4,57.6666666666666667,57.67,3
2024-08-28,0,2,59,3,68.3333333333333333,68.33,4
2024-08-28,0,3,47,3,60.0000000000000000,60.00,3
2024-08-28,0,4,105,5,71.3333333333333333,71.33,4
2024-08-28,1,1,25,3,56.3333333333333333,56.33,3
2024-08-28,1,2,88,4,88.0000000000000000,88.00,5
2024-08-28,1,3,78,3,47.6666666666666667,47.67,3
2024-08-28,1,4,87,4,99.3333333333333333,99.33,5
2024-08-28,2,1,20,3,59.6666666666666667,59.67,3
2024-08-28,2,2,60,3,88.0000000000000000,88.00,5
2024-08-28,2,3,71,3,80.0000000000000000,80.00,4
2024-08-28,2,4,32,3,54.3333333333333333,54.33,3
2024-08-28,3,1,80,4,62.3333333333333333,62.33,4
2024-08-28,3,2,81,4,60.0000000000000000,60.00,3
2024-08-28,3,3,78,3,99.0000000000000000,99.00,5
2024-08-28,3,4,80,4,72.3333333333333333,72.33,4
2024-08-28,4,1,53,3,49.0000000000000000,49.00,3
2024-08-28,4,2,116,5,74.6666666666666667,74.67,4
2024-08-28,4,3,95,4,91.3333333333333333,91.33,5
2024-08-28,4,4,103,5,92.0000000000000000,92.00,5
2024-08-28,5,1,35,3,54.3333333333333333,54.33,3
2024-08-28,5,2,80,4,82.3333333333333333,82.33,5
2024-08-28,5,3,112,5,112.3333333333333333,112.33,6
2024-08-28,5,4,47,3,86.6666666666666667,86.67,5
2024-08-28,6,1,22,3,79.0000000000000000,79.00,4
2024-08-28,6,2,111,5,108.6666666666666667,108.67,6
2024-08-28,6,3,101,5,81.3333333333333333,81.33,5
2024-08-28,6,4,106,5,108.0000000000000000,108.00,6
2024-08-28,7,1,92,4,69.0000000000000000,69.00,4
2024-08-28,7,2,48,3,72.6666666666666667,72.67,4
2024-08-28,7,3,50,3,33.6666666666666667,33.67,2
2024-08-28,7,4,58,3,94.0000000000000000,94.00,5
2024-08-28,8,1,103,5,69.0000000000000000,69.00,4
2024-08-28,8,2,33,3,72.0000000000000000,72.00,4
2024-08-28,8,3,70,3,64.3333333333333333,64.33,4
2024-08-28,8,4,62,3,81.3333333333333333,81.33,5
2024-08-28,9,1,103,5,71.0000000000000000,71.00,4
2024-08-28,9,2,114,5,72.3333333333333333,72.33,4
2024-08-28,9,3,75,3,77.6666666666666667,77.67,4
2024-08-28,9,4,71,3,70.6666666666666667,70.67,4
2024-08-28,10,1,43,3,76.6666666666666667,76.67,4
2024-08-28,10,2,26,3,50.0000000000000000,50.00,3
2024-08-28,10,3,39,3,72.6666666666666667,72.67,4
2024-08-28,10,4,107,5,103.3333333333333333,103.33,6
2024-08-28,11,1,116,5,71.6666666666666667,71.67,4
2024-08-28,11,2,41,3,58.0000000000000000,58.00,3
2024-08-28,11,3,80,4,65.0000000000000000,65.00,4
2024-08-28,11,4,46,3,56.0000000000000000,56.00,3
2024-08-28,12,1,57,3,62.3333333333333333,62.33,4
2024-08-28,12,2,51,3,70.3333333333333333,70.33,4
2024-08-28,12,3,22,3,64.0000000000000000,64.00,4
2024-08-28,12,4,49,3,63.6666666666666667,63.67,4
2024-08-28,13,1,38,3,54.3333333333333333,54.33,3
2024-08-28,13,2,58,3,53.6666666666666667,53.67,3
2024-08-28,13,3,46,3,83.0000000000000000,83.00,5
2024-08-28,13,4,36,3,53.3333333333333333,53.33,3
2024-08-28,14,1,29,3,65.6666666666666667,65.67,4
2024-08-28,14,2,49,3,76.3333333333333333,76.33,4
2024-08-28,14,3,115,5,70.3333333333333333,70.33,4
2024-08-28,14,4,90,4,48.6666666666666667,48.67,3
2024-08-28,15,1,116,5,98.6666666666666667,98.67,5
2024-08-28,15,2,90,4,75.0000000000000000,75.00,4
2024-08-28,15,3,96,4,59.0000000000000000,59.00,3
2024-08-28,15,4,102,5,90.6666666666666667,90.67,5
2024-08-28,16,1,21,3,73.6666666666666667,73.67,4
2024-08-28,16,2,89,4,68.3333333333333333,68.33,4
2024-08-28,16,3,73,3,51.3333333333333333,51.33,3
2024-08-28,16,4,111,5,54.6666666666666667,54.67,3
2024-08-28,17,1,76,3,79.6666666666666667,79.67,4
2024-08-28,17,2,107,5,71.6666666666666667,71.67,4
2024-08-28,17,3,90,4,67.6666666666666667,67.67,4
2024-08-28,17,4,82,4,75.3333333333333333,75.33,4
2024-08-28,18,1,97,4,96.3333333333333333,96.33,5
2024-08-28,18,2,108,5,89.0000000000000000,89.00,5
2024-08-28,18,3,96,4,63.6666666666666667,63.67,4
2024-08-28,18,4,111,5,87.6666666666666667,87.67,5
2024-08-28,19,1,105,5,87.6666666666666667,87.67,5
2024-08-28,19,2,56,3,40.6666666666666667,40.67,3
2024-08-28,19,3,115,5,67.0000000000000000,67.00,4
2024-08-28,19,4,95,4,75.6666666666666667,75.67,4
2024-08-28,20,1,70,3,77.6666666666666667,77.67,4
2024-08-28,20,2,45,3,56.0000000000000000,56.00,3
2024-08-28,20,3,86,4,61.0000000000000000,61.00,4
2024-08-28,20,4,47,3,75.6666666666666667,75.67,4
2024-08-28,21,1,57,3,61.0000000000000000,61.00,4
2024-08-28,21,2,27,3,65.6666666666666667,65.67,4
2024-08-28,21,3,118,5,99.0000000000000000,99.00,5
2024-08-28,21,4,81,4,80.6666666666666667,80.67,5
2024-08-28,22,1,115,5,83.3333333333333333,83.33,5
2024-08-28,22,2,34,3,60.3333333333333333,60.33,4
2024-08-28,22,3,35,3,57.6666666666666667,57.67,3
2024-08-28,22,4,105,5,68.3333333333333333,68.33,4
2024-08-28,23,1,93,4,88.0000000000000000,88.00,5
2024-08-28,23,2,49,3,83.3333333333333333,83.33,5
2024-08-28,23,3,118,5,84.6666666666666667,84.67,5
2024-08-28,23,4,58,3,84.6666666666666667,84.67,5
2024-08-29,0,1,108,5,90.3333333333333333,90.33,5
2024-08-29,0,2,105,5,105.6666666666666667,105.67,6
2024-08-29,0,3,73,3,79.0000000000000000,79.00,4
2024-08-29,0,4,22,3,62.6666666666666667,62.67,4
2024-08-29,1,1,109,5,103.6666666666666667,103.67,6
2024-08-29,1,2,82,4,59.0000000000000000,59.00,3
2024-08-29,1,3,87,4,62.6666666666666667,62.67,4
2024-08-29,1,4,42,3,72.3333333333333333,72.33,4
2024-08-29,2,1,36,3,55.6666666666666667,55.67,3
2024-08-29,2,2,35,3,65.0000000000000000,65.00,4
2024-08-29,2,3,22,3,55.0000000000000000,55.00,3
2024-08-29,2,4,61,3,62.6666666666666667,62.67,4
2024-08-29,3,1,65,3,83.0000000000000000,83.00,5
2024-08-29,3,2,76,3,66.6666666666666667,66.67,4
2024-08-29,3,3,25,3,48.6666666666666667,48.67,3
2024-08-29,3,4,103,5,93.6666666666666667,93.67,5
2024-08-29,4,1,46,3,48.6666666666666667,48.67,3
2024-08-29,4,2,59,3,43.0000000000000000,43.00,3
2024-08-29,4,3,21,3,59.0000000000000000,59.00,3
2024-08-29,4,4,69,3,75.0000000000000000,75.00,4
2024-08-29,5,1,35,3,82.6666666666666667,82.67,5
2024-08-29,5,2,71,3,54.6666666666666667,54.67,3
2024-08-29,5,3,42,3,86.0000000000000000,86.00,5
2024-08-29,5,4,81,4,65.0000000000000000,65.00,4
2024-08-29,6,1,69,3,50.3333333333333333,50.33,3
2024-08-29,6,2,34,3,79.0000000000000000,79.00,4
2024-08-29,6,3,64,3,69.6666666666666667,69.67,4
2024-08-29,6,4,41,3,35.0000000000000000,35.00,2
2024-08-29,7,1,116,5,94.0000000000000000,94.00,5
2024-08-29,7,2,26,3,58.0000000000000000,58.00,3
2024-08-29,7,3,85,4,73.0000000000000000,73.00,4
2024-08-29,7,4,108,5,62.0000000000000000,62.00,4
2024-08-29,8,1,73,3,45.0000000000000000,45.00,3
2024-08-29,8,2,80,4,72.6666666666666667,72.67,4
2024-08-29,8,3,82,4,61.6666666666666667,61.67,4
2024-08-29,8,4,97,4,71.6666666666666667,71.67,4
2024-08-29,9,1,25,3,29.0000000000000000,29.00,2
2024-08-29,9,2,116,5,104.0000000000000000,104.00,6
2024-08-29,9,3,107,5,103.3333333333333333,103.33,6
2024-08-29,9,4,42,3,83.6666666666666667,83.67,5
2024-08-29,10,1,35,3,68.6666666666666667,68.67,4
2024-08-29,10,2,49,3,52.6666666666666667,52.67,3
2024-08-29,10,3,70,3,69.0000000000000000,69.00,4
2024-08-29,10,4,65,3,66.6666666666666667,66.67,4
2024-08-29,11,1,88,4,64.0000000000000000,64.00,4
2024-08-29,11,2,31,3,38.6666666666666667,38.67,2
2024-08-29,11,3,63,3,66.3333333333333333,66.33,4
2024-08-29,11,4,118,5,63.0000000000000000,63.00,4
2024-08-29,12,1,29,3,43.3333333333333333,43.33,3
2024-08-29,12,2,119,5,81.3333333333333333,81.33,5
2024-08-29,12,3,118,5,81.6666666666666667,81.67,5
2024-08-29,12,4,77,3,75.0000000000000000,75.00,4
2024-08-29,13,1,24,3,43.0000000000000000,43.00,3
2024-08-29,13,2,116,5,68.0000000000000000,68.00,4
2024-08-29,13,3,46,3,67.0000000000000000,67.00,4
2024-08-29,13,4,112,5,75.6666666666666667,75.67,4
2024-08-29,14,1,53,3,72.6666666666666667,72.67,4
2024-08-29,14,2,84,4,62.6666666666666667,62.67,4
2024-08-29,14,3,23,3,65.6666666666666667,65.67,4
2024-08-29,14,4,53,3,59.3333333333333333,59.33,3
2024-08-29,15,1,41,3,57.6666666666666667,57.67,3
2024-08-29,15,2,69,3,91.0000000000000000,91.00,5
2024-08-29,15,3,105,5,99.3333333333333333,99.33,5
2024-08-29,15,4,61,3,74.6666666666666667,74.67,4
2024-08-29,16,1,100,5,76.6666666666666667,76.67,4
2024-08-29,16,2,21,3,42.6666666666666667,42.67,3
2024-08-29,16,3,102,5,90.6666666666666667,90.67,5
2024-08-29,16,4,46,3,58.0000000000000000,58.00,3
2024-08-29,17,1,104,5,98.3333333333333333,98.33,5
2024-08-29,17,2,104,5,53.3333333333333333,53.33,3
2024-08-29,17,3,68,3,73.6666666666666667,73.67,4
2024-08-29,17,4,102,5,100.6666666666666667,100.67,6
2024-08-29,18,1,39,3,46.6666666666666667,46.67,3
2024-08-29,18,2,106,5,81.3333333333333333,81.33,5
2024-08-29,18,3,51,3,81.3333333333333333,81.33,5
2024-08-29,18,4,61,3,57.0000000000000000,57.00,3
2024-08-29,19,1,111,5,79.6666666666666667,79.67,4
2024-08-29,19,2,67,3,84.0000000000000000,84.00,5
2024-08-29,19,3,24,3,70.6666666666666667,70.67,4
2024-08-29,19,4,118,5,83.6666666666666667,83.67,5
2024-08-29,20,1,38,3,75.0000000000000000,75.00,4
2024-08-29,20,2,74,3,81.3333333333333333,81.33,5
2024-08-29,20,3,37,3,44.0000000000000000,44.00,3
2024-08-29,20,4,31,3,28.0000000000000000,28.00,2
2024-08-29,21,1,116,5,61.0000000000000000,61.00,4
2024-08-29,21,2,57,3,95.3333333333333333,95.33,5
2024-08-29,21,3,28,3,58.3333333333333333,58.33,3
2024-08-29,21,4,117,5,102.3333333333333333,102.33,6
2024-08-29,22,1,58,3,84.3333333333333333,84.33,5
2024-08-29,22,2,82,4,83.0000000000000000,83.00,5
2024-08-29,22,3,89,4,83.6666666666666667,83.67,5
2024-08-29,22,4,51,3,64.3333333333333333,64.33,4
2024-08-29,23,1,43,3,49.3333333333333333,49.33,3
2024-08-29,23,2,37,3,68.6666666666666667,68.67,4
2024-08-29,23,3,106,5,87.6666666666666667,87.67,5
2024-08-29,23,4,83,4,66.6666666666666667,66.67,4
2024-08-30,0,1,42,3,64.3333333333333333,64.33,4
2024-08-30,0,2,43,3,67.0000000000000000,67.00,4
2024-08-30,0,3,114,5,82.6666666666666667,82.67,5
2024-08-30,0,4,91,4,98.3333333333333333,98.33,5
2024-08-30,1,1,104,5,82.3333333333333333,82.33,5
2024-08-30,1,2,79,3,83.0000000000000000,83.00,5
2024-08-30,1,3,92,4,84.3333333333333333,84.33,5
2024-08-30,1,4,59,3,87.6666666666666667,87.67,5
2024-08-30,2,1,38,3,84.3333333333333333,84.33,5
2024-08-30,2,2,80,4,63.0000000000000000,63.00,4
2024-08-30,2,3,54,3,66.6666666666666667,66.67,4
2024-08-30,2,4,85,4,76.0000000000000000,76.00,4
2024-08-30,3,1,112,5,86.3333333333333333,86.33,5
2024-08-30,3,2,84,4,81.6666666666666667,81.67,5
2024-08-30,3,3,105,5,85.3333333333333333,85.33,5
2024-08-30,3,4,52,3,67.0000000000000000,67.00,4
2024-08-30,4,1,21,3,71.3333333333333333,71.33,4
2024-08-30,4,2,52,3,59.0000000000000000,59.00,3
2024-08-30,4,3,59,3,49.0000000000000000,49.00,3
2024-08-30,4,4,101,5,106.6666666666666667,106.67,6
2024-08-30,5,1,106,5,90.6666666666666667,90.67,5
2024-08-30,5,2,34,3,62.0000000000000000,62.00,4
2024-08-30,5,3,101,5,63.3333333333333333,63.33,4
2024-08-30,5,4,49,3,64.0000000000000000,64.00,4
2024-08-30,6,1,77,3,81.6666666666666667,81.67,5
2024-08-30,6,2,26,3,43.0000000000000000,43.00,3
2024-08-30,6,3,75,3,74.0000000000000000,74.00,4
2024-08-30,6,4,99,4,84.0000000000000000,84.00,5
2024-08-30,7,1,65,3,66.6666666666666667,66.67,4
2024-08-30,7,2,24,3,72.6666666666666667,72.67,4
2024-08-30,7,3,69,3,41.6666666666666667,41.67,3
2024-08-30,7,4,32,3,58.3333333333333333,58.33,3
2024-08-30,8,1,108,5,73.3333333333333333,73.33,4
2024-08-30,8,2,101,5,70.0000000000000000,70.00,4
2024-08-30,8,3,90,4,69.3333333333333333,69.33,4
2024-08-30,8,4,98,4,53.6666666666666667,53.67,3
2024-08-30,9,1,110,5,101.3333333333333333,101.33,6
2024-08-30,9,2,23,3,33.6666666666666667,33.67,2
2024-08-30,9,3,100,5,65.6666666666666667,65.67,4
2024-08-30,9,4,44,3,72.0000000000000000,72.00,4
2024-08-30,10,1,98,4,76.3333333333333333,76.33,4
2024-08-30,10,2,76,3,70.6666666666666667,70.67,4
2024-08-30,10,3,88,4,71.3333333333333333,71.33,4
2024-08-30,10,4,62,3,68.3333333333333333,68.33,4
2024-08-30,11,1,45,3,72.0000000000000000,72.00,4
2024-08-30,11,2,24,3,35.3333333333333333,35.33,2
2024-08-30,11,3,110,5,93.3333333333333333,93.33,5
2024-08-30,11,4,90,4,91.3333333333333333,91.33,5
2024-08-30,12,1,114,5,102.6666666666666667,102.67,6
2024-08-30,12,2,96,4,80.3333333333333333,80.33,5
2024-08-30,12,3,71,3,78.0000000000000000,78.00,4
2024-08-30,12,4,40,3,63.3333333333333333,63.33,4
2024-08-30,13,1,75,3,68.0000000000000000,68.00,4
2024-08-30,13,2,100,5,111.6666666666666667,111.67,6
2024-08-30,13,3,24,3,72.6666666666666667,72.67,4
2024-08-30,13,4,87,4,72.0000000000000000,72.00,4
2024-08-30,14,1,66,3,58.0000000000000000,58.00,3
2024-08-30,14,2,28,3,66.3333333333333333,66.33,4
2024-08-30,14,3,102,5,57.6666666666666667,57.67,3
2024-08-30,14,4,116,5,65.0000000000000000,65.00,4
2024-08-30,15,1,54,3,76.3333333333333333,76.33,4
2024-08-30,15,2,97,4,76.3333333333333333,76.33,4
2024-08-30,15,3,37,3,55.0000000000000000,55.00,3
2024-08-30,15,4,118,5,85.0000000000000000,85.00,5
2024-08-30,16,1,35,3,40.3333333333333333,40.33,3
2024-08-30,16,2,64,3,81.0000000000000000,81.00,5
2024-08-30,16,3,26,3,35.6666666666666667,35.67,2
2024-08-30,16,4,63,3,51.0000000000000000,51.00,3
2024-08-30,17,1,92,4,80.6666666666666667,80.67,5
2024-08-30,17,2,52,3,66.3333333333333333,66.33,4
2024-08-30,17,3,87,4,78.6666666666666667,78.67,4
2024-08-30,17,4,41,3,56.0000000000000000,56.00,3
2024-08-30,18,1,77,3,61.0000000000000000,61.00,4
2024-08-30,18,2,91,4,80.3333333333333333,80.33,5
2024-08-30,18,3,77,3,95.6666666666666667,95.67,5
2024-08-30,18,4,76,3,97.0000000000000000,97.00,5
2024-08-30,19,1,82,4,76.0000000000000000,76.00,4
2024-08-30,19,2,46,3,39.3333333333333333,39.33,2
2024-08-30,19,3,108,5,58.6666666666666667,58.67,3
2024-08-30,19,4,100,5,95.3333333333333333,95.33,5
2024-08-30,20,1,97,4,83.6666666666666667,83.67,5
2024-08-30,20,2,67,3,63.0000000000000000,63.00,4
2024-08-30,20,3,89,4,80.3333333333333333,80.33,5
2024-08-30,20,4,112,5,82.0000000000000000,82.00,5
2024-08-30,21,1,30,3,48.3333333333333333,48.33,3
2024-08-30,21,2,113,5,86.3333333333333333,86.33,5
2024-08-30,21,3,56,3,66.0000000000000000,66.00,4
2024-08-30,21,4,112,5,74.6666666666666667,74.67,4
2024-08-30,22,1,72,3,62.0000000000000000,62.00,4
2024-08-30,22,2,38,3,62.6666666666666667,62.67,4
2024-08-30,22,3,77,3,55.6666666666666667,55.67,3
2024-08-30,22,4,38,3,57.6666666666666667,57.67,3
2024-08-30,23,1,110,5,68.6666666666666667,68.67,4
2024-08-30,23,2,53,3,37.3333333333333333,37.33,2
2024-08-30,23,3,102,5,79.6666666666666667,79.67,4
2024-08-30,23,4,46,3,73.3333333333333333,73.33,4
2024-08-31,0,1,37,3,42.6666666666666667,42.67,3
2024-08-31,0,2,115,5,75.3333333333333333,75.33,4
2024-08-31,0,3,57,3,53.6666666666666667,53.67,3
2024-08-31,0,4,29,3,30.6666666666666667,30.67,2
2024-08-31,1,1,42,3,54.0000000000000000,54.00,3
2024-08-31,1,2,98,4,103.3333333333333333,103.33,6
2024-08-31,1,3,76,3,74.6666666666666667,74.67,4
2024-08-31,1,4,39,3,33.6666666666666667,33.67,2
2024-08-31,2,1,50,3,79.6666666666666667,79.67,4
2024-08-31,2,2,99,4,65.3333333333333333,65.33,4
2024-08-31,2,3,49,3,57.0000000000000000,57.00,3
2024-08-31,2,4,89,4,73.6666666666666667,73.67,4
2024-08-31,3,1,77,3,90.0000000000000000,90.00,5
2024-08-31,3,2,51,3,39.3333333333333333,39.33,2
2024-08-31,3,3,103,5,84.6666666666666667,84.67,5
2024-08-31,3,4,59,3,66.3333333333333333,66.33,4
2024-08-31,4,1,99,4,71.3333333333333333,71.33,4
2024-08-31,4,2,103,5,81.3333333333333333,81.33,5
2024-08-31,4,3,78,3,64.6666666666666667,64.67,4
2024-08-31,4,4,107,5,91.0000000000000000,91.00,5
2024-08-31,5,1,55,3,56.3333333333333333,56.33,3
2024-08-31,5,2,26,3,71.6666666666666667,71.67,4
2024-08-31,5,3,66,3,65.0000000000000000,65.00,4
2024-08-31,5,4,69,3,60.0000000000000000,60.00,3
2024-08-31,6,1,82,4,73.0000000000000000,73.00,4
2024-08-31,6,2,86,4,78.0000000000000000,78.00,4
2024-08-31,6,3,87,4,76.6666666666666667,76.67,4
2024-08-31,6,4,24,3,62.0000000000000000,62.00,4
2024-08-31,7,1,109,5,106.3333333333333333,106.33,6
2024-08-31,7,2,79,3,88.3333333333333333,88.33,5
2024-08-31,7,3,58,3,69.3333333333333333,69.33,4
2024-08-31,7,4,104,5,97.3333333333333333,97.33,5
2024-08-31,8,1,52,3,51.6666666666666667,51.67,3
2024-08-31,8,2,72,3,47.3333333333333333,47.33,3
2024-08-31,8,3,86,4,91.3333333333333333,91.33,5
2024-08-31,8,4,33,3,75.3333333333333333,75.33,4
2024-08-31,9,1,55,3,83.0000000000000000,83.00,5
2024-08-31,9,2,25,3,53.6666666666666667,53.67,3
2024-08-31,9,3,57,3,56.3333333333333333,56.33,3
2024-08-31,9,4,92,4,82.6666666666666667,82.67,5
2024-08-31,10,1,67,3,83.6666666666666667,83.67,5
2024-08-31,10,2,88,4,86.3333333333333333,86.33,5
2024-08-31,10,3,26,3,78.3333333333333333,78.33,4
2024-08-31,10,4,114,5,78.3333333333333333,78.33,4
2024-08-31,11,1,78,3,77.3333333333333333,77.33,4
2024-08-31,11,2,117,5,73.0000000000000000,73.00,4
2024-08-31,11,3,31,3,54.0000000000000000,54.00,3
2024-08-31,11,4,35,3,51.3333333333333333,51.33,3
2024-08-31,12,1,25,3,75.0000000000000000,75.00,4
2024-08-31,12,2,114,5,106.3333333333333333,106.33,6
2024-08-31,12,3,56,3,64.0000000000000000,64.00,4
2024-08-31,12,4,66,3,64.0000000000000000,64.00,4
2024-08-31,13,1,36,3,68.6666666666666667,68.67,4
2024-08-31,13,2,54,3,64.6666666666666667,64.67,4
2024-08-31,13,3,32,3,71.6666666666666667,71.67,4
2024-08-31,13,4,54,3,53.3333333333333333,53.33,3
2024-08-31,14,1,71,3,70.3333333333333333,70.33,4
2024-08-31,14,2,66,3,68.0000000000000000,68.00,4
2024-08-31,14,3,52,3,60.0000000000000000,60.00,3
2024-08-31,14,4,89,4,84.0000000000000000,84.00,5
2024-08-31,15,1,73,3,84.3333333333333333,84.33,5
2024-08-31,15,2,86,4,63.3333333333333333,63.33,4
2024-08-31,15,3,117,5,65.0000000000000000,65.00,4
2024-08-31,15,4,66,3,74.6666666666666667,74.67,4
2024-08-31,16,1,25,3,52.6666666666666667,52.67,3
2024-08-31,16,2,100,5,78.0000000000000000,78.00,4
2024-08-31,16,3,97,4,75.3333333333333333,75.33,4
2024-08-31,16,4,81,4,50.6666666666666667,50.67,3
2024-08-31,17,1,107,5,85.3333333333333333,85.33,5
2024-08-31,17,2,70,3,75.6666666666666667,75.67,4
2024-08-31,17,3,116,5,84.6666666666666667,84.67,5
2024-08-31,17,4,113,5,88.0000000000000000,88.00,5
2024-08-31,18,1,86,4,91.6666666666666667,91.67,5
2024-08-31,18,2,37,3,37.3333333333333333,37.33,2
2024-08-31,18,3,116,5,96.3333333333333333,96.33,5
2024-08-31,18,4,55,3,38.6666666666666667,38.67,2
2024-08-31,19,1,53,3,87.3333333333333333,87.33,5
2024-08-31,19,2,67,3,85.3333333333333333,85.33,5
2024-08-31,19,3,110,5,89.6666666666666667,89.67,5
2024-08-31,19,4,33,3,48.6666666666666667,48.67,3
2024-08-31,20,1,99,4,72.0000000000000000,72.00,4
2024-08-31,20,2,48,3,45.3333333333333333,45.33,3
2024-08-31,20,3,73,3,93.6666666666666667,93.67,5
2024-08-31,20,4,112,5,74.0000000000000000,74.00,4
2024-08-31,21,1,28,3,43.6666666666666667,43.67,3
2024-08-31,21,2,35,3,64.3333333333333333,64.33,4
2024-08-31,21,3,105,5,100.6666666666666667,100.67,6
2024-08-31,21,4,112,5,86.6666666666666667,86.67,5
2024-08-31,22,1,83,4,74.6666666666666667,74.67,4
2024-08-31,22,2,41,3,63.6666666666666667,63.67,4
2024-08-31,22,3,66,3,64.0000000000000000,64.00,4
2024-08-31,22,4,38,3,59.0000000000000000,59.00,3
2024-08-31,23,1,115,5,67.6666666666666667,67.67,4
2024-08-31,23,2,24,3,47.0000000000000000,47.00,3
2024-08-31,23,3,60,3,55.6666666666666667,55.67,3
2024-08-31,23,4,29,3,72.3333333333333333,72.33,4
2024-09-01,0,1,110,5,87.6666666666666667,87.67,5
2024-09-01,0,2,92,4,74.3333333333333333,74.33,4
2024-09-01,0,3,54,3,73.6666666666666667,73.67,4
2024-09-01,0,4,91,4,76.0000000000000000,76.00,4
2024-09-01,1,1,73,3,68.0000000000000000,68.00,4
2024-09-01,1,2,99,4,92.6666666666666667,92.67,5
2024-09-01,1,3,42,3,54.0000000000000000,54.00,3
2024-09-01,1,4,78,3,70.0000000000000000,70.00,4
2024-09-01,2,1,52,3,80.0000000000000000,80.00,4
2024-09-01,2,2,41,3,47.3333333333333333,47.33,3
2024-09-01,2,3,71,3,74.0000000000000000,74.00,4
2024-09-01,2,4,70,3,88.0000000000000000,88.00,5
2024-09-01,3,1,94,4,81.0000000000000000,81.00,5
2024-09-01,3,2,32,3,57.0000000000000000,57.00,3
2024-09-01,3,3,88,4,64.3333333333333333,64.33,4
2024-09-01,3,4,42,3,78.6666666666666667,78.67,4
2024-09-01,4,1,95,4,100.3333333333333333,100.33,6
2024-09-01,4,2,69,3,73.0000000000000000,73.00,4
2024-09-01,4,3,115,5,83.0000000000000000,83.00,5
2024-09-01,4,4,75,3,59.3333333333333333,59.33,3
2024-09-01,5,1,54,3,79.3333333333333333,79.33,4
2024-09-01,5,2,118,5,84.3333333333333333,84.33,5
2024-09-01,5,3,50,3,60.3333333333333333,60.33,4
2024-09-01,5,4,69,3,73.6666666666666667,73.67,4
2024-09-01,6,1,77,3,74.0000000000000000,74.00,4
2024-09-01,6,2,45,3,81.6666666666666667,81.67,5
2024-09-01,6,3,97,4,67.3333333333333333,67.33,4
2024-09-01,6,4,20,3,70.3333333333333333,70.33,4
2024-09-01,7,1,43,3,61.6666666666666667,61.67,4
2024-09-01,7,2,113,5,82.0000000000000000,82.00,5
2024-09-01,7,3,51,3,67.3333333333333333,67.33,4
2024-09-01,7,4,88,4,66.3333333333333333,66.33,4
2024-09-01,8,1,87,4,63.0000000000000000,63.00,4
2024-09-01,8,2,106,5,61.0000000000000000,61.00,4
2024-09-01,8,3,21,3,61.3333333333333333,61.33,4
2024-09-01,8,4,116,5,65.3333333333333333,65.33,4
2024-09-01,9,1,87,4,56.3333333333333333,56.33,3
2024-09-01,9,2,76,3,87.6666666666666667,87.67,5
2024-09-01,9,3,104,5,72.0000000000000000,72.00,4
2024-09-01,9,4,21,3,73.3333333333333333,73.33,4
2024-09-01,10,1,45,3,48.0000000000000000,48.00,3
2024-09-01,10,2,119,5,92.3333333333333333,92.33,5
2024-09-01,10,3,83,4,83.0000000000000000,83.00,5
2024-09-01,10,4,42,3,43.6666666666666667,43.67,3
2024-09-01,11,1,111,5,91.3333333333333333,91.33,5
2024-09-01,11,2,98,4,97.3333333333333333,97.33,5
2024-09-01,11,3,118,5,71.0000000000000000,71.00,4
2024-09-01,11,4,28,3,56.3333333333333333,56.33,3
2024-09-01,12,1,69,3,59.6666666666666667,59.67,3
2024-09-01,12,2,38,3,29.3333333333333333,29.33,2
2024-09-01,12,3,114,5,77.6666666666666667,77.67,4
2024-09-01,12,4,46,3,79.0000000000000000,79.00,4
2024-09-01,13,1,52,3,66.0000000000000000,66.00,4
2024-09-01,13,2,35,3,65.0000000000000000,65.00,4
2024-09-01,13,3,117,5,66.6666666666666667,66.67,4
2024-09-01,13,4,106,5,65.6666666666666667,65.67,4
2024-09-01,14,1,31,3,84.6666666666666667,84.67,5
2024-09-01,14,2,48,3,60.0000000000000000,60.00,3
2024-09-01,14,3,42,3,73.0000000000000000,73.00,4
2024-09-01,14,4,61,3,70.3333333333333333,70.33,4
2024-09-01,15,1,60,3,53.6666666666666667,53.67,3
2024-09-01,15,2,81,4,57.6666666666666667,57.67,3
2024-09-01,15,3,112,5,93.6666666666666667,93.67,5
2024-09-01,15,4,113,5,90.0000000000000000,90.00,5
2024-09-01,16,1,26,3,76.3333333333333333,76.33,4
2024-09-01,16,2,73,3,81.3333333333333333,81.33,5
2024-09-01,16,3,78,3,76.6666666666666667,76.67,4
2024-09-01,16,4,77,3,69.0000000000000000,69.00,4
2024-09-01,17,1,38,3,67.6666666666666667,67.67,4
2024-09-01,17,2,109,5,64.0000000000000000,64.00,4
2024-09-01,17,3,60,3,57.3333333333333333,57.33,3
2024-09-01,17,4,79,3,80.3333333333333333,80.33,5
2024-09-01,18,1,23,3,56.6666666666666667,56.67,3
2024-09-01,18,2,107,5,82.0000000000000000,82.00,5
2024-09-01,18,3,77,3,73.3333333333333333,73.33,4
2024-09-01,18,4,81,4,72.6666666666666667,72.67,4
2024-09-01,19,1,87,4,76.0000000000000000,76.00,4
2024-09-01,19,2,63,3,56.3333333333333333,56.33,3
2024-09-01,19,3,80,4,49.3333333333333333,49.33,3
2024-09-01,19,4,67,3,63.0000000000000000,63.00,4
2024-09-01,20,1,57,3,68.0000000000000000,68.00,4
2024-09-01,20,2,48,3,54.3333333333333333,54.33,3
2024-09-01,20,3,94,4,79.6666666666666667,79.67,4
2024-09-01,20,4,77,3,57.0000000000000000,57.00,3
2024-09-01,21,1,59,3,51.3333333333333333,51.33,3
2024-09-01,21,2,35,3,66.6666666666666667,66.67,4
2024-09-01,21,3,67,3,78.6666666666666667,78.67,4
2024-09-01,21,4,84,4,65.6666666666666667,65.67,4
2024-09-01,22,1,103,5,72.3333333333333333,72.33,4
2024-09-01,22,2,38,3,71.6666666666666667,71.67,4
2024-09-01,22,3,23,3,54.3333333333333333,54.33,3
2024-09-01,22,4,85,4,77.3333333333333333,77.33,4
2024-09-01,23,1,69,3,80.6666666666666667,80.67,5
2024-09-01,23,2,114,5,79.0000000000000000,79.00,4
2024-09-01,23,3,86,4,61.0000000000000000,61.00,4
2024-09-01,23,4,78,3,66.0000000000000000,66.00,4
2024-09-02,0,1,83,4,68.3333333333333333,68.33,4
2024-09-02,0,2,67,3,59.3333333333333333,59.33,3
2024-09-02,0,3,114,5,88.6666666666666667,88.67,5
2024-09-02,0,4,56,3,55.6666666666666667,55.67,3
2024-09-02,1,1,108,5,74.6666666666666667,74.67,4
2024-09-02,1,2,48,3,76.3333333333333333,76.33,4
2024-09-02,1,3,69,3,61.6666666666666667,61.67,4
2024-09-02,1,4,98,4,101.3333333333333333,101.33,6
2024-09-02,2,1,39,3,51.0000000000000000,51.00,3
2024-09-02,2,2,59,3,80.6666666666666667,80.67,5
2024-09-02,2,3,106,5,73.0000000000000000,73.00,4
2024-09-02,2,4,102,5,88.6666666666666667,88.67,5
2024-09-02,3,1,85,4,83.3333333333333333,83.33,5
2024-09-02,3,2,89,4,62.6666666666666667,62.67,4
2024-09-02,3,3,113,5,91.3333333333333333,91.33,5
2024-09-02,3,4,106,5,62.0000000000000000,62.00,4
2024-09-02,4,1,111,5,92.6666666666666667,92.67,5
2024-09-02,4,2,26,3,56.3333333333333333,56.33,3
2024-09-02,4,3,24,3,39.3333333333333333,39.33,2
2024-09-02,4,4,52,3,60.0000000000000000,60.00,3
2024-09-02,5,1,84,4,97.6666666666666667,97.67,5
2024-09-02,5,2,60,3,74.0000000000000000,74.00,4
2024-09-02,5,3,49,3,88.0000000000000000,88.00,5
2024-09-02,5,4,85,4,60.6666666666666667,60.67,4
2024-09-02,6,1,87,4,73.3333333333333333,73.33,4
2024-09-02,6,2,32,3,53.3333333333333333,53.33,3
2024-09-02,6,3,75,3,77.3333333333333333,77.33,4
2024-09-02,6,4,81,4,74.6666666666666667,74.67,4
2024-09-02,7,1,32,3,76.3333333333333333,76.33,4
2024-09-02,7,2,81,4,70.6666666666666667,70.67,4
2024-09-02,7,3,36,3,71.3333333333333333,71.33,4
2024-09-02,7,4,86,4,71.6666666666666667,71.67,4
2024-09-02,8,1,41,3,74.0000000000000000,74.00,4
2024-09-02,8,2,88,4,102.0000000000000000,102.00,6
2024-09-02,8,3,87,4,79.6666666666666667,79.67,4
2024-09-02,8,4,39,3,55.0000000000000000,55.00,3
2024-09-02,9,1,87,4,50.0000000000000000,50.00,3
2024-09-02,9,2,71,3,72.3333333333333333,72.33,4
2024-09-02,9,3,55,3,70.0000000000000000,70.00,4
2024-09-02,9,4,105,5,64.6666666666666667,64.67,4
2024-09-02,10,1,119,5,102.0000000000000000,102.00,6
2024-09-02,10,2,65,3,72.0000000000000000,72.00,4
2024-09-02,10,3,37,3,43.3333333333333333,43.33,3
2024-09-02,10,4,110,5,83.0000000000000000,83.00,5
2024-09-02,11,1,34,3,51.0000000000000000,51.00,3
2024-09-02,11,2,20,3,52.3333333333333333,52.33,3
2024-09-02,11,3,56,3,41.0000000000000000,41.00,3
2024-09-02,11,4,30,3,52.6666666666666667,52.67,3
2024-09-02,12,1,32,3,53.6666666666666667,53.67,3
2024-09-02,12,2,38,3,60.0000000000000000,60.00,3
2024-09-02,12,3,22,3,44.0000000000000000,44.00,3
2024-09-02,12,4,108,5,70.6666666666666667,70.67,4
2024-09-02,13,1,112,5,89.0000000000000000,89.00,5
2024-09-02,13,2,103,5,86.0000000000000000,86.00,5
2024-09-02,13,3,95,4,82.6666666666666667,82.67,5
2024-09-02,13,4,93,4,74.6666666666666667,74.67,4
2024-09-02,14,1,96,4,76.6666666666666667,76.67,4
2024-09-02,14,2,90,4,74.6666666666666667,74.67,4
2024-09-02,14,3,70,3,80.3333333333333333,80.33,5
2024-09-02,14,4,40,3,50.0000000000000000,50.00,3
2024-09-02,15,1,48,3,61.0000000000000000,61.00,4
2024-09-02,15,2,111,5,85.6666666666666667,85.67,5
2024-09-02,15,3,119,5,71.0000000000000000,71.00,4
2024-09-02,15,4,22,3,52.0000000000000000,52.00,3
2024-09-02,16,1,31,3,72.0000000000000000,72.00,4
2024-09-02,16,2,78,3,65.0000000000000000,65.00,4
2024-09-02,16,3,32,3,56.0000000000000000,56.00,3
2024-09-02,16,4,69,3,58.3333333333333333,58.33,3
2024-09-02,17,1,70,3,69.3333333333333333,69.33,4
2024-09-02,17,2,95,4,68.6666666666666667,68.67,4
2024-09-02,17,3,111,5,79.6666666666666667,79.67,4
2024-09-02,17,4,100,5,102.0000000000000000,102.00,6
2024-09-02,18,1,42,3,49.3333333333333333,49.33,3
2024-09-02,18,2,80,4,88.3333333333333333,88.33,5
2024-09-02,18,3,88,4,75.3333333333333333,75.33,4
2024-09-02,18,4,43,3,43.3333333333333333,43.33,3
2024-09-02,19,1,30,3,45.3333333333333333,45.33,3
2024-09-02,19,2,53,3,64.3333333333333333,64.33,4
2024-09-02,19,3,27,3,44.6666666666666667,44.67,3
2024-09-02,19,4,98,4,73.0000000000000000,73.00,4
2024-09-02,20,1,86,4,76.3333333333333333,76.33,4
2024-09-02,20,2,92,4,86.0000000000000000,86.00,5
2024-09-02,20,3,62,3,65.0000000000000000,65.00,4
2024-09-02,20,4,58,3,79.6666666666666667,79.67,4
2024-09-02,21,1,39,3,59.6666666666666667,59.67,3
2024-09-02,21,2,72,3,56.0000000000000000,56.00,3
2024-09-02,21,3,57,3,52.6666666666666667,52.67,3
2024-09-02,21,4,119,5,69.3333333333333333,69.33,4
2024-09-02,22,1,98,4,84.0000000000000000,84.00,5
2024-09-02,22,2,87,4,85.6666666666666667,85.67,5
2024-09-02,22,3,104,5,73.0000000000000000,73.00,4
2024-09-02,22,4,49,3,83.6666666666666667,83.67,5
2024-09-02,23,1,90,4,92.6666666666666667,92.67,5
2024-09-02,23,2,53,3,54.6666666666666667,54.67,3
2024-09-02,23,3,110,5,55.6666666666666667,55.67,3
2024-09-02,23,4,114,5,88.3333333333333333,88.33,5
2024-09-03,0,1,93,4,58.2500000000000000,58.25,3
2024-09-03,0,2,87,4,78.0000000000000000,78.00,4
2024-09-03,0,3,69,3,72.2500000000000000,72.25,4
2024-09-03,0,4,69,3,87.2500000000000000,87.25,5
2024-09-03,1,1,116,5,59.5000000000000000,59.50,3
2024-09-03,1,2,104,5,84.0000000000000000,84.00,5
2024-09-03,1,3,48,3,66.7500000000000000,66.75,4
2024-09-03,1,4,63,3,63.0000000000000000,63.00,4
2024-09-03,2,1,107,5,92.5000000000000000,92.50,5
2024-09-03,2,2,115,5,91.2500000000000000,91.25,5
2024-09-03,2,3,55,3,70.0000000000000000,70.00,4
2024-09-03,2,4,76,3,79.5000000000000000,79.50,4
2024-09-03,3,1,57,3,52.2500000000000000,52.25,3
2024-09-03,3,2,82,4,48.7500000000000000,48.75,3
2024-09-03,3,3,58,3,53.0000000000000000,53.00,3
2024-09-03,3,4,85,4,60.7500000000000000,60.75,4
2024-09-03,4,1,107,5,89.2500000000000000,89.25,5
2024-09-03,4,2,28,3,70.2500000000000000,70.25,4
2024-09-03,4,3,62,3,71.2500000000000000,71.25,4
2024-09-03,4,4,118,5,104.0000000000000000,104.00,6
2024-09-03,5,1,45,3,66.0000000000000000,66.00,4
2024-09-03,5,2,64,3,89.7500000000000000,89.75,5
2024-09-03,5,3,25,3,48.0000000000000000,48.00,3
2024-09-03,5,4,96,4,85.0000000000000000,85.00,5
2024-09-03,6,1,56,3,76.5000000000000000,76.50,4
2024-09-03,6,2,28,3,71.2500000000000000,71.25,4
2024-09-03,6,3,32,3,37.2500000000000000,37.25,2
2024-09-03,6,4,114,5,79.0000000000000000,79.00,4
2024-09-03,7,1,90,4,78.0000000000000000,78.00,4
2024-09-03,7,2,61,3,51.5000000000000000,51.50,3
2024-09-03,7,3,63,3,55.7500000000000000,55.75,3
2024-09-03,7,4,109,5,75.5000000000000000,75.50,4
2024-09-03,8,1,20,3,30.0000000000000000,30.00,2
2024-09-03,8,2,26,3,62.7500000000000000,62.75,4
2024-09-03,8,3,57,3,78.2500000000000000,78.25,4
2024-09-03,8,4,72,3,64.7500000000000000,64.75,4
2024-09-03,9,1,56,3,61.0000000000000000,61.00,4
2024-09-03,9,2,40,3,75.0000000000000000,75.00,4
2024-09-03,9,3,102,5,102.7500000000000000,102.75,6
2024-09-03,9,4,114,5,58.2500000000000000,58.25,3
2024-09-03,10,1,61,3,47.7500000000000000,47.75,3
2024-09-03,10,2,89,4,76.7500000000000000,76.75,4
2024-09-03,10,3,63,3,60.5000000000000000,60.50,4
2024-09-03,10,4,39,3,60.5000000000000000,60.50,4
2024-09-03,11,1,21,3,43.2500000000000000,43.25,3
2024-09-03,11,2,23,3,47.2500000000000000,47.25,3
2024-09-03,11,3,52,3,65.7500000000000000,65.75,4
2024-09-03,11,4,31,3,55.7500000000000000,55.75,3
2024-09-03,12,1,36,3,58.7500000000000000,58.75,3
2024-09-03,12,2,115,5,72.5000000000000000,72.50,4
2024-09-03,12,3,48,3,78.2500000000000000,78.25,4
2024-09-03,12,4,92,4,74.7500000000000000,74.75,4
2024-09-03,13,1,94,4,87.0000000000000000,87.00,5
2024-09-03,13,2,72,3,77.5000000000000000,77.50,4
2024-09-03,13,3,99,4,60.7500000000000000,60.75,4
2024-09-03,13,4,78,3,64.0000000000000000,64.00,4
2024-09-03,14,1,108,5,85.5000000000000000,85.50,5
2024-09-03,14,2,94,4,63.2500000000000000,63.25,4
2024-09-03,14,3,42,3,85.2500000000000000,85.25,5
2024-09-03,14,4,111,5,77.2500000000000000,77.25,4
2024-09-03,15,1,57,3,61.5000000000000000,61.50,4
2024-09-03,15,2,24,3,60.5000000000000000,60.50,4
2024-09-03,15,3,40,3,74.0000000000000000,74.00,4
2024-09-03,15,4,91,4,55.7500000000000000,55.75,3
2024-09-03,16,1,94,4,66.5000000000000000,66.50,4
2024-09-03,16,2,77,3,82.5000000000000000,82.50,5
2024-09-03,16,3,111,5,60.7500000000000000,60.75,4
2024-09-03,16,4,72,3,78.0000000000000000,78.00,4
2024-09-03,17,1,101,5,68.5000000000000000,68.50,4
2024-09-03,17,2,60,3,59.0000000000000000,59.00,3
2024-09-03,17,3,28,3,50.0000000000000000,50.00,3
2024-09-03,17,4,28,3,73.0000000000000000,73.00,4
2024-09-03,18,1,53,3,55.5000000000000000,55.50,3
2024-09-03,18,2,57,3,52.2500000000000000,52.25,3
2024-09-03,18,3,100,5,94.5000000000000000,94.50,5
2024-09-03,18,4,26,3,47.7500000000000000,47.75,3
2024-09-03,19,1,40,3,64.5000000000000000,64.50,4
2024-09-03,19,2,48,3,60.0000000000000000,60.00,3
2024-09-03,19,3,64,3,61.7500000000000000,61.75,4
2024-09-03,19,4,65,3,78.0000000000000000,78.00,4
2024-09-03,20,1,64,3,42.2500000000000000,42.25,3
2024-09-03,20,2,42,3,68.5000000000000000,68.50,4
2024-09-03,20,3,88,4,52.7500000000000000,52.75,3
2024-09-03,20,4,33,3,44.5000000000000000,44.50,3
2024-09-03,21,1,99,4,77.7500000000000000,77.75,4
2024-09-03,21,2,48,3,65.2500000000000000,65.25,4
2024-09-03,21,3,87,4,67.7500000000000000,67.75,4
2024-09-03,21,4,36,3,78.7500000000000000,78.75,4
2024-09-03,22,1,97,4,71.2500000000000000,71.25,4
2024-09-03,22,2,32,3,44.2500000000000000,44.25,3
2024-09-03,22,3,36,3,62.7500000000000000,62.75,4
2024-09-03,22,4,62,3,67.5000000000000000,67.50,4
2024-09-03,23,1,94,4,99.2500000000000000,99.25,5
2024-09-03,23,2,91,4,84.0000000000000000,84.00,5
2024-09-03,23,3,113,5,74.7500000000000000,74.75,4
2024-09-03,23,4,55,3,51.0000000000000000,51.00,3
2024-09-04,0,1,44,3,57.6666666666666667,57.67,3
2024-09-04,0,2,66,3,68.3333333333333333,68.33,4
2024-09-04,0,3,86,4,60.0000000000000000,60.00,3
2024-09-04,0,4,61,3,71.3333333333333333,71.33,4
2024-09-04,1,1,103,5,56.3333333333333333,56.33,3
2024-09-04,1,2,99,4,88.0000000000000000,88.00,5
2024-09-04,1,3,33,3,47.6666666666666667,47.67,3
2024-09-04,1,4,113,5,99.3333333333333333,99.33,5
2024-09-04,2,1,75,3,59.6666666666666667,59.67,3
2024-09-04,2,2,117,5,88.0000000000000000,88.00,5
2024-09-04,2,3,90,4,80.0000000000000000,80.00,4
2024-09-04,2,4,105,5,54.3333333333333333,54.33,3
2024-09-04,3,1,34,3,62.3333333333333333,62.33,4
2024-09-04,3,2,76,3,60.0000000000000000,60.00,3
2024-09-04,3,3,113,5,99.0000000000000000,99.00,5
2024-09-04,3,4,86,4,72.3333333333333333,72.33,4
2024-09-04,4,1,38,3,49.0000000000000000,49.00,3
2024-09-04,4,2,76,3,74.6666666666666667,74.67,4
2024-09-04,4,3,95,4,91.3333333333333333,91.33,5
2024-09-04,4,4,71,3,92.0000000000000000,92.00,5
2024-09-04,5,1,67,3,54.3333333333333333,54.33,3
2024-09-04,5,2,115,5,82.3333333333333333,82.33,5
2024-09-04,5,3,117,5,112.3333333333333333,112.33,6
2024-09-04,5,4,107,5,86.6666666666666667,86.67,5
2024-09-04,6,1,111,5,79.0000000000000000,79.00,4
2024-09-04,6,2,96,4,108.6666666666666667,108.67,6
2024-09-04,6,3,37,3,81.3333333333333333,81.33,5
2024-09-04,6,4,100,5,108.0000000000000000,108.00,6
2024-09-04,7,1,55,3,69.0000000000000000,69.00,4
2024-09-04,7,2,71,3,72.6666666666666667,72.67,4
2024-09-04,7,3,31,3,33.6666666666666667,33.67,2
2024-09-04,7,4,111,5,94.0000000000000000,94.00,5
2024-09-04,8,1,66,3,69.0000000000000000,69.00,4
2024-09-04,8,2,108,5,72.0000000000000000,72.00,4
2024-09-04,8,3,54,3,64.3333333333333333,64.33,4
2024-09-04,8,4,104,5,81.3333333333333333,81.33,5
2024-09-04,9,1,36,3,71.0000000000000000,71.00,4
2024-09-04,9,2,43,3,72.3333333333333333,72.33,4
2024-09-04,9,3,90,4,77.6666666666666667,77.67,4
2024-09-04,9,4,31,3,70.6666666666666667,70.67,4
2024-09-04,10,1,94,4,76.6666666666666667,76.67,4
2024-09-04,10,2,48,3,50.0000000000000000,50.00,3
2024-09-04,10,3,110,5,72.6666666666666667,72.67,4
2024-09-04,10,4,85,4,103.3333333333333333,103.33,6
2024-09-04,11,1,67,3,71.6666666666666667,71.67,4
2024-09-04,11,2,95,4,58.0000000000000000,58.00,3
2024-09-04,11,3,51,3,65.0000000000000000,65.00,4
2024-09-04,11,4,49,3,56.0000000000000000,56.00,3
2024-09-04,12,1,74,3,62.3333333333333333,62.33,4
2024-09-04,12,2,97,4,70.3333333333333333,70.33,4
2024-09-04,12,3,109,5,64.0000000000000000,64.00,4
2024-09-04,12,4,59,3,63.6666666666666667,63.67,4
2024-09-04,13,1,65,3,54.3333333333333333,54.33,3
2024-09-04,13,2,37,3,53.6666666666666667,53.67,3
2024-09-04,13,3,95,4,83.0000000000000000,83.00,5
2024-09-04,13,4,22,3,53.3333333333333333,53.33,3
2024-09-04,14,1,50,3,65.6666666666666667,65.67,4
2024-09-04,14,2,96,4,76.3333333333333333,76.33,4
2024-09-04,14,3,34,3,70.3333333333333333,70.33,4
2024-09-04,14,4,32,3,48.6666666666666667,48.67,3
2024-09-04,15,1,67,3,98.6666666666666667,98.67,5
2024-09-04,15,2,113,5,75.0000000000000000,75.00,4
2024-09-04,15,3,44,3,59.0000000000000000,59.00,3
2024-09-04,15,4,67,3,90.6666666666666667,90.67,5
2024-09-04,16,1,100,5,73.6666666666666667,73.67,4
2024-09-04,16,2,38,3,68.3333333333333333,68.33,4
2024-09-04,16,3,53,3,51.3333333333333333,51.33,3
2024-09-04,16,4,25,3,54.6666666666666667,54.67,3
2024-09-04,17,1,105,5,79.6666666666666667,79.67,4
2024-09-04,17,2,64,3,71.6666666666666667,71.67,4
2024-09-04,17,3,84,4,67.6666666666666667,67.67,4
2024-09-04,17,4,66,3,75.3333333333333333,75.33,4
2024-09-04,18,1,103,5,96.3333333333333333,96.33,5
2024-09-04,18,2,84,4,89.0000000000000000,89.00,5
2024-09-04,18,3,41,3,63.6666666666666667,63.67,4
2024-09-04,18,4,52,3,87.6666666666666667,87.67,5
2024-09-04,19,1,63,3,87.6666666666666667,87.67,5
2024-09-04,19,2,36,3,40.6666666666666667,40.67,3
2024-09-04,19,3,49,3,67.0000000000000000,67.00,4
2024-09-04,19,4,54,3,75.6666666666666667,75.67,4
2024-09-04,20,1,47,3,77.6666666666666667,77.67,4
2024-09-04,20,2,86,4,56.0000000000000000,56.00,3
2024-09-04,20,3,77,3,61.0000000000000000,61.00,4
2024-09-04,20,4,75,3,75.6666666666666667,75.67,4
2024-09-04,21,1,38,3,61.0000000000000000,61.00,4
2024-09-04,21,2,104,5,65.6666666666666667,65.67,4
2024-09-04,21,3,72,3,99.0000000000000000,99.00,5
2024-09-04,21,4,81,4,80.6666666666666667,80.67,5
2024-09-04,22,1,96,4,83.3333333333333333,83.33,5
2024-09-04,22,2,94,4,60.3333333333333333,60.33,4
2024-09-04,22,3,25,3,57.6666666666666667,57.67,3
2024-09-04,22,4,24,3,68.3333333333333333,68.33,4
2024-09-04,23,1,81,4,88.0000000000000000,88.00,5
2024-09-04,23,2,101,5,83.3333333333333333,83.33,5
2024-09-04,23,3,81,4,84.6666666666666667,84.67,5
2024-09-04,23,4,99,4,84.6666666666666667,84.67,5
2024-09-05,0,1,53,3,90.3333333333333333,90.33,5
2024-09-05,0,2,114,5,105.6666666666666667,105.67,6
2024-09-05,0,3,100,5,79.0000000000000000,79.00,4
2024-09-05,0,4,102,5,62.6666666666666667,62.67,4
2024-09-05,1,1,89,4,103.6666666666666667,103.67,6
2024-09-05,1,2,61,3,59.0000000000000000,59.00,3
2024-09-05,1,3,73,3,62.6666666666666667,62.67,4
2024-09-05,1,4,98,4,72.3333333333333333,72.33,4
2024-09-05,2,1,63,3,55.6666666666666667,55.67,3
2024-09-05,2,2,66,3,65.0000000000000000,65.00,4
2024-09-05,2,3,105,5,55.0000000000000000,55.00,3
2024-09-05,2,4,41,3,62.6666666666666667,62.67,4
2024-09-05,3,1,105,5,83.0000000000000000,83.00,5
2024-09-05,3,2,25,3,66.6666666666666667,66.67,4
2024-09-05,3,3,78,3,48.6666666666666667,48.67,3
2024-09-05,3,4,73,3,93.6666666666666667,93.67,5
2024-09-05,4,1,67,3,48.6666666666666667,48.67,3
2024-09-05,4,2,46,3,43.0000000000000000,43.00,3
2024-09-05,4,3,82,4,59.0000000000000000,59.00,3
2024-09-05,4,4,40,3,75.0000000000000000,75.00,4
2024-09-05,5,1,94,4,82.6666666666666667,82.67,5
2024-09-05,5,2,52,3,54.6666666666666667,54.67,3
2024-09-05,5,3,117,5,86.0000000000000000,86.00,5
2024-09-05,5,4,85,4,65.0000000000000000,65.00,4
2024-09-05,6,1,36,3,50.3333333333333333,50.33,3
2024-09-05,6,2,113,5,79.0000000000000000,79.00,4
2024-09-05,6,3,27,3,69.6666666666666667,69.67,4
2024-09-05,6,4,37,3,35.0000000000000000,35.00,2
2024-09-05,7,1,95,4,94.0000000000000000,94.00,5
2024-09-05,7,2,70,3,58.0000000000000000,58.00,3
2024-09-05,7,3,66,3,73.0000000000000000,73.00,4
2024-09-05,7,4,30,3,62.0000000000000000,62.00,4
2024-09-05,8,1,21,3,45.0000000000000000,45.00,3
2024-09-05,8,2,88,4,72.6666666666666667,72.67,4
2024-09-05,8,3,62,3,61.6666666666666667,61.67,4
2024-09-05,8,4,81,4,71.6666666666666667,71.67,4
2024-09-05,9,1,31,3,29.0000000000000000,29.00,2
2024-09-05,9,2,91,4,104.0000000000000000,104.00,6
2024-09-05,9,3,87,4,103.3333333333333333,103.33,6
2024-09-05,9,4,112,5,83.6666666666666667,83.67,5
2024-09-05,10,1,92,4,68.6666666666666667,68.67,4
2024-09-05,10,2,36,3,52.6666666666666667,52.67,3
2024-09-05,10,3,79,3,69.0000000000000000,69.00,4
2024-09-05,10,4,112,5,66.6666666666666667,66.67,4
2024-09-05,11,1,20,3,64.0000000000000000,64.00,4
2024-09-05,11,2,29,3,38.6666666666666667,38.67,2
2024-09-05,11,3,30,3,66.3333333333333333,66.33,4
2024-09-05,11,4,32,3,63.0000000000000000,63.00,4
2024-09-05,12,1,69,3,43.3333333333333333,43.33,3
2024-09-05,12,2,103,5,81.3333333333333333,81.33,5
2024-09-05,12,3,43,3,81.6666666666666667,81.67,5
2024-09-05,12,4,52,3,75.0000000000000000,75.00,4
2024-09-05,13,1,84,4,43.0000000000000000,43.00,3
2024-09-05,13,2,38,3,68.0000000000000000,68.00,4
2024-09-05,13,3,53,3,67.0000000000000000,67.00,4
2024-09-05,13,4,72,3,75.6666666666666667,75.67,4
2024-09-05,14,1,105,5,72.6666666666666667,72.67,4
2024-09-05,14,2,43,3,62.6666666666666667,62.67,4
2024-09-05,14,3,107,5,65.6666666666666667,65.67,4
2024-09-05,14,4,102,5,59.3333333333333333,59.33,3
2024-09-05,15,1,74,3,57.6666666666666667,57.67,3
2024-09-05,15,2,89,4,91.0000000000000000,91.00,5
2024-09-05,15,3,96,4,99.3333333333333333,99.33,5
2024-09-05,15,4,54,3,74.6666666666666667,74.67,4
2024-09-05,16,1,37,3,76.6666666666666667,76.67,4
2024-09-05,16,2,62,3,42.6666666666666667,42.67,3
2024-09-05,16,3,106,5,90.6666666666666667,90.67,5
2024-09-05,16,4,90,4,58.0000000000000000,58.00,3
2024-09-05,17,1,107,5,98.3333333333333333,98.33,5
2024-09-05,17,2,24,3,53.3333333333333333,53.33,3
2024-09-05,17,3,105,5,73.6666666666666667,73.67,4
2024-09-05,17,4,98,4,100.6666666666666667,100.67,6
2024-09-05,18,1,68,3,46.6666666666666667,46.67,3
2024-09-05,18,2,114,5,81.3333333333333333,81.33,5
2024-09-05,18,3,79,3,81.3333333333333333,81.33,5
2024-09-05,18,4,65,3,57.0000000000000000,57.00,3
2024-09-05,19,1,101,5,79.6666666666666667,79.67,4
2024-09-05,19,2,108,5,84.0000000000000000,84.00,5
2024-09-05,19,3,98,4,70.6666666666666667,70.67,4
2024-09-05,19,4,64,3,83.6666666666666667,83.67,5
2024-09-05,20,1,84,4,75.0000000000000000,75.00,4
2024-09-05,20,2,56,3,81.3333333333333333,81.33,5
2024-09-05,20,3,70,3,44.0000000000000000,44.00,3
2024-09-05,20,4,27,3,28.0000000000000000,28.00,2
2024-09-05,21,1,42,3,61.0000000000000000,61.00,4
2024-09-05,21,2,110,5,95.3333333333333333,95.33,5
2024-09-05,21,3,32,3,58.3333333333333333,58.33,3
2024-09-05,21,4,116,5,102.3333333333333333,102.33,6
2024-09-05,22,1,86,4,84.3333333333333333,84.33,5
2024-09-05,22,2,75,3,83.0000000000000000,83.00,5
2024-09-05,22,3,90,4,83.6666666666666667,83.67,5
2024-09-05,22,4,25,3,64.3333333333333333,64.33,4
2024-09-05,23,1,70,3,49.3333333333333333,49.33,3
2024-09-05,23,2,108,5,68.6666666666666667,68.67,4
2024-09-05,23,3,68,3,87.6666666666666667,87.67,5
2024-09-05,23,4,60,3,66.6666666666666667,66.67,4
2024-09-06,0,1,55,3,64.3333333333333333,64.33,4
2024-09-06,0,2,106,5,67.0000000000000000,67.00,4
2024-09-06,0,3,89,4,82.6666666666666667,82.67,5
2024-09-06,0,4,117,5,98.3333333333333333,98.33,5
2024-09-06,1,1,34,3,82.3333333333333333,82.33,5
2024-09-06,1,2,109,5,83.0000000000000000,83.00,5
2024-09-06,1,3,98,4,84.3333333333333333,84.33,5
2024-09-06,1,4,94,4,87.6666666666666667,87.67,5
2024-09-06,2,1,98,4,84.3333333333333333,84.33,5
2024-09-06,2,2,64,3,63.0000000000000000,63.00,4
2024-09-06,2,3,104,5,66.6666666666666667,66.67,4
2024-09-06,2,4,52,3,76.0000000000000000,76.00,4
2024-09-06,3,1,106,5,86.3333333333333333,86.33,5
2024-09-06,3,2,110,5,81.6666666666666667,81.67,5
2024-09-06,3,3,115,5,85.3333333333333333,85.33,5
2024-09-06,3,4,81,4,67.0000000000000000,67.00,4
2024-09-06,4,1,111,5,71.3333333333333333,71.33,4
2024-09-06,4,2,21,3,59.0000000000000000,59.00,3
2024-09-06,4,3,60,3,49.0000000000000000,49.00,3
2024-09-06,4,4,106,5,106.6666666666666667,106.67,6
2024-09-06,5,1,51,3,90.6666666666666667,90.67,5
2024-09-06,5,2,66,3,62.0000000000000000,62.00,4
2024-09-06,5,3,67,3,63.3333333333333333,63.33,4
2024-09-06,5,4,57,3,64.0000000000000000,64.00,4
2024-09-06,6,1,71,3,81.6666666666666667,81.67,5
2024-09-06,6,2,21,3,43.0000000000000000,43.00,3
2024-09-06,6,3,54,3,74.0000000000000000,74.00,4
2024-09-06,6,4,51,3,84.0000000000000000,84.00,5
2024-09-06,7,1,58,3,66.6666666666666667,66.67,4
2024-09-06,7,2,79,3,72.6666666666666667,72.67,4
2024-09-06,7,3,23,3,41.6666666666666667,41.67,3
2024-09-06,7,4,85,4,58.3333333333333333,58.33,3
2024-09-06,8,1,37,3,73.3333333333333333,73.33,4
2024-09-06,8,2,23,3,70.0000000000000000,70.00,4
2024-09-06,8,3,61,3,69.3333333333333333,69.33,4
2024-09-06,8,4,39,3,53.6666666666666667,53.67,3
2024-09-06,9,1,87,4,101.3333333333333333,101.33,6
2024-09-06,9,2,25,3,33.6666666666666667,33.67,2
2024-09-06,9,3,71,3,65.6666666666666667,65.67,4
2024-09-06,9,4,61,3,72.0000000000000000,72.00,4
2024-09-06,10,1,61,3,76.3333333333333333,76.33,4
2024-09-06,10,2,103,5,70.6666666666666667,70.67,4
2024-09-06,10,3,99,4,71.3333333333333333,71.33,4
2024-09-06,10,4,65,3,68.3333333333333333,68.33,4
2024-09-06,11,1,97,4,72.0000000000000000,72.00,4
2024-09-06,11,2,49,3,35.3333333333333333,35.33,2
2024-09-06,11,3,71,3,93.3333333333333333,93.33,5
2024-09-06,11,4,100,5,91.3333333333333333,91.33,5
2024-09-06,12,1,90,4,102.6666666666666667,102.67,6
2024-09-06,12,2,114,5,80.3333333333333333,80.33,5
2024-09-06,12,3,72,3,78.0000000000000000,78.00,4
2024-09-06,12,4,89,4,63.3333333333333333,63.33,4
2024-09-06,13,1,53,3,68.0000000000000000,68.00,4
2024-09-06,13,2,118,5,111.6666666666666667,111.67,6
2024-09-06,13,3,99,4,72.6666666666666667,72.67,4
2024-09-06,13,4,34,3,72.0000000000000000,72.00,4
2024-09-06,14,1,78,3,58.0000000000000000,58.00,3
2024-09-06,14,2,93,4,66.3333333333333333,66.33,4
2024-09-06,14,3,31,3,57.6666666666666667,57.67,3
2024-09-06,14,4,51,3,65.0000000000000000,65.00,4
2024-09-06,15,1,97,4,76.3333333333333333,76.33,4
2024-09-06,15,2,80,4,76.3333333333333333,76.33,4
2024-09-06,15,3,80,4,55.0000000000000000,55.00,3
2024-09-06,15,4,65,3,85.0000000000000000,85.00,5
2024-09-06,16,1,20,3,40.3333333333333333,40.33,3
2024-09-06,16,2,68,3,81.0000000000000000,81.00,5
2024-09-06,16,3,35,3,35.6666666666666667,35.67,2
2024-09-06,16,4,55,3,51.0000000000000000,51.00,3
2024-09-06,17,1,66,3,80.6666666666666667,80.67,5
2024-09-06,17,2,37,3,66.3333333333333333,66.33,4
2024-09-06,17,3,79,3,78.6666666666666667,78.67,4
2024-09-06,17,4,53,3,56.0000000000000000,56.00,3
2024-09-06,18,1,31,3,61.0000000000000000,61.00,4
2024-09-06,18,2,47,3,80.3333333333333333,80.33,5
2024-09-06,18,3,110,5,95.6666666666666667,95.67,5
2024-09-06,18,4,101,5,97.0000000000000000,97.00,5
2024-09-06,19,1,75,3,76.0000000000000000,76.00,4
2024-09-06,19,2,33,3,39.3333333333333333,39.33,2
2024-09-06,19,3,48,3,58.6666666666666667,58.67,3
2024-09-06,19,4,69,3,95.3333333333333333,95.33,5
2024-09-06,20,1,84,4,83.6666666666666667,83.67,5
2024-09-06,20,2,90,4,63.0000000000000000,63.00,4
2024-09-06,20,3,102,5,80.3333333333333333,80.33,5
2024-09-06,20,4,27,3,82.0000000000000000,82.00,5
2024-09-06,21,1,62,3,48.3333333333333333,48.33,3
2024-09-06,21,2,31,3,86.3333333333333333,86.33,5
2024-09-06,21,3,44,3,66.0000000000000000,66.00,4
2024-09-06,21,4,67,3,74.6666666666666667,74.67,4
2024-09-06,22,1,63,3,62.0000000000000000,62.00,4
2024-09-06,22,2,97,4,62.6666666666666667,62.67,4
2024-09-06,22,3,52,3,55.6666666666666667,55.67,3
2024-09-06,22,4,34,3,57.6666666666666667,57.67,3
2024-09-06,23,1,34,3,68.6666666666666667,68.67,4
2024-09-06,23,2,34,3,37.3333333333333333,37.33,2
2024-09-06,23,3,62,3,79.6666666666666667,79.67,4
2024-09-06,23,4,59,3,73.3333333333333333,73.33,4
2024-09-07,0,1,30,3,42.6666666666666667,42.67,3
2024-09-07,0,2,81,4,75.3333333333333333,75.33,4
2024-09-07,0,3,27,3,53.6666666666666667,53.67,3
2024-09-07,0,4,23,3,30.6666666666666667,30.67,2
2024-09-07,1,1,43,3,54.0000000000000000,54.00,3
2024-09-07,1,2,101,5,103.3333333333333333,103.33,6
2024-09-07,1,3,29,3,74.6666666666666667,74.67,4
2024-09-07,1,4,31,3,33.6666666666666667,33.67,2
2024-09-07,2,1,94,4,79.6666666666666667,79.67,4
2024-09-07,2,2,26,3,65.3333333333333333,65.33,4
2024-09-07,2,3,100,5,57.0000000000000000,57.00,3
2024-09-07,2,4,103,5,73.6666666666666667,73.67,4
2024-09-07,3,1,110,5,90.0000000000000000,90.00,5
2024-09-07,3,2,34,3,39.3333333333333333,39.33,2
2024-09-07,3,3,36,3,84.6666666666666667,84.67,5
2024-09-07,3,4,24,3,66.3333333333333333,66.33,4
2024-09-07,4,1,50,3,71.3333333333333333,71.33,4
2024-09-07,4,2,56,3,81.3333333333333333,81.33,5
2024-09-07,4,3,50,3,64.6666666666666667,64.67,4
2024-09-07,4,4,96,4,91.0000000000000000,91.00,5
2024-09-07,5,1,54,3,56.3333333333333333,56.33,3
2024-09-07,5,2,74,3,71.6666666666666667,71.67,4
2024-09-07,5,3,47,3,65.0000000000000000,65.00,4
2024-09-07,5,4,54,3,60.0000000000000000,60.00,3
2024-09-07,6,1,113,5,73.0000000000000000,73.00,4
2024-09-07,6,2,48,3,78.0000000000000000,78.00,4
2024-09-07,6,3,46,3,76.6666666666666667,76.67,4
2024-09-07,6,4,60,3,62.0000000000000000,62.00,4
2024-09-07,7,1,99,4,106.3333333333333333,106.33,6
2024-09-07,7,2,96,4,88.3333333333333333,88.33,5
2024-09-07,7,3,93,4,69.3333333333333333,69.33,4
2024-09-07,7,4,99,4,97.3333333333333333,97.33,5
2024-09-07,8,1,53,3,51.6666666666666667,51.67,3
2024-09-07,8,2,23,3,47.3333333333333333,47.33,3
2024-09-07,8,3,95,4,91.3333333333333333,91.33,5
2024-09-07,8,4,77,3,75.3333333333333333,75.33,4
2024-09-07,9,1,89,4,83.0000000000000000,83.00,5
2024-09-07,9,2,66,3,53.6666666666666667,53.67,3
2024-09-07,9,3,65,3,56.3333333333333333,56.33,3
2024-09-07,9,4,68,3,82.6666666666666667,82.67,5
2024-09-07,10,1,97,4,83.6666666666666667,83.67,5
2024-09-07,10,2,112,5,86.3333333333333333,86.33,5
2024-09-07,10,3,107,5,78.3333333333333333,78.33,4
2024-09-07,10,4,79,3,78.3333333333333333,78.33,4
2024-09-07,11,1,77,3,77.3333333333333333,77.33,4
2024-09-07,11,2,32,3,73.0000000000000000,73.00,4
2024-09-07,11,3,22,3,54.0000000000000000,54.00,3
2024-09-07,11,4,44,3,51.3333333333333333,51.33,3
2024-09-07,12,1,115,5,75.0000000000000000,75.00,4
2024-09-07,12,2,108,5,106.3333333333333333,106.33,6
2024-09-07,12,3,73,3,64.0000000000000000,64.00,4
2024-09-07,12,4,38,3,64.0000000000000000,64.00,4
2024-09-07,13,1,111,5,68.6666666666666667,68.67,4
2024-09-07,13,2,72,3,64.6666666666666667,64.67,4
2024-09-07,13,3,89,4,71.6666666666666667,71.67,4
2024-09-07,13,4,53,3,53.3333333333333333,53.33,3
2024-09-07,14,1,25,3,70.3333333333333333,70.33,4
2024-09-07,14,2,115,5,68.0000000000000000,68.00,4
2024-09-07,14,3,66,3,60.0000000000000000,60.00,3
2024-09-07,14,4,46,3,84.0000000000000000,84.00,5
2024-09-07,15,1,67,3,84.3333333333333333,84.33,5
2024-09-07,15,2,46,3,63.3333333333333333,63.33,4
2024-09-07,15,3,36,3,65.0000000000000000,65.00,4
2024-09-07,15,4,52,3,74.6666666666666667,74.67,4
2024-09-07,16,1,27,3,52.6666666666666667,52.67,3
2024-09-07,16,2,53,3,78.0000000000000000,78.00,4
2024-09-07,16,3,60,3,75.3333333333333333,75.33,4
2024-09-07,16,4,26,3,50.6666666666666667,50.67,3
2024-09-07,17,1,62,3,85.3333333333333333,85.33,5
2024-09-07,17,2,72,3,75.6666666666666667,75.67,4
2024-09-07,17,3,76,3,84.6666666666666667,84.67,5
2024-09-07,17,4,110,5,88.0000000000000000,88.00,5
2024-09-07,18,1,111,5,91.6666666666666667,91.67,5
2024-09-07,18,2,51,3,37.3333333333333333,37.33,2
2024-09-07,18,3,86,4,96.3333333333333333,96.33,5
2024-09-07,18,4,26,3,38.6666666666666667,38.67,2
2024-09-07,19,1,104,5,87.3333333333333333,87.33,5
2024-09-07,19,2,91,4,85.3333333333333333,85.33,5
2024-09-07,19,3,59,3,89.6666666666666667,89.67,5
2024-09-07,19,4,49,3,48.6666666666666667,48.67,3
2024-09-07,20,1,24,3,72.0000000000000000,72.00,4
2024-09-07,20,2,20,3,45.3333333333333333,45.33,3
2024-09-07,20,3,113,5,93.6666666666666667,93.67,5
2024-09-07,20,4,49,3,74.0000000000000000,74.00,4
2024-09-07,21,1,34,3,43.6666666666666667,43.67,3
2024-09-07,21,2,79,3,64.3333333333333333,64.33,4
2024-09-07,21,3,83,4,100.6666666666666667,100.67,6
2024-09-07,21,4,32,3,86.6666666666666667,86.67,5
2024-09-07,22,1,42,3,74.6666666666666667,74.67,4
2024-09-07,22,2,98,4,63.6666666666666667,63.67,4
2024-09-07,22,3,56,3,64.0000000000000000,64.00,4
2024-09-07,22,4,83,4,59.0000000000000000,59.00,3
2024-09-07,23,1,28,3,67.6666666666666667,67.67,4
2024-09-07,23,2,85,4,47.0000000000000000,47.00,3
2024-09-07,23,3,63,3,55.6666666666666667,55.67,3
2024-09-07,23,4,110,5,72.3333333333333333,72.33,4
2024-09-08,0,1,68,3,87.6666666666666667,87.67,5
2024-09-08,0,2,69,3,74.3333333333333333,74.33,4
2024-09-08,0,3,57,3,73.6666666666666667,73.67,4
2024-09-08,0,4,87,4,76.0000000000000000,76.00,4
2024-09-08,1,1,83,4,68.0000000000000000,68.00,4
2024-09-08,1,2,60,3,92.6666666666666667,92.67,5
2024-09-08,1,3,79,3,54.0000000000000000,54.00,3
2024-09-08,1,4,102,5,70.0000000000000000,70.00,4
2024-09-08,2,1,92,4,80.0000000000000000,80.00,4
2024-09-08,2,2,26,3,47.3333333333333333,47.33,3
2024-09-08,2,3,107,5,74.0000000000000000,74.00,4
2024-09-08,2,4,85,4,88.0000000000000000,88.00,5
2024-09-08,3,1,80,4,81.0000000000000000,81.00,5
2024-09-08,3,2,119,5,57.0000000000000000,57.00,3
2024-09-08,3,3,54,3,64.3333333333333333,64.33,4
2024-09-08,3,4,86,4,78.6666666666666667,78.67,4
2024-09-08,4,1,105,5,100.3333333333333333,100.33,6
2024-09-08,4,2,85,4,73.0000000000000000,73.00,4
2024-09-08,4,3,24,3,83.0000000000000000,83.00,5
2024-09-08,4,4,40,3,59.3333333333333333,59.33,3
2024-09-08,5,1,86,4,79.3333333333333333,79.33,4
2024-09-08,5,2,71,3,84.3333333333333333,84.33,5
2024-09-08,5,3,38,3,60.3333333333333333,60.33,4
2024-09-08,5,4,73,3,73.6666666666666667,73.67,4
2024-09-08,6,1,87,4,74.0000000000000000,74.00,4
2024-09-08,6,2,107,5,81.6666666666666667,81.67,5
2024-09-08,6,3,34,3,67.3333333333333333,67.33,4
2024-09-08,6,4,76,3,70.3333333333333333,70.33,4
2024-09-08,7,1,26,3,61.6666666666666667,61.67,4
2024-09-08,7,2,99,4,82.0000000000000000,82.00,5
2024-09-08,7,3,117,5,67.3333333333333333,67.33,4
2024-09-08,7,4,75,3,66.3333333333333333,66.33,4
2024-09-08,8,1,59,3,63.0000000000000000,63.00,4
2024-09-08,8,2,28,3,61.0000000000000000,61.00,4
2024-09-08,8,3,84,4,61.3333333333333333,61.33,4
2024-09-08,8,4,56,3,65.3333333333333333,65.33,4
2024-09-08,9,1,52,3,56.3333333333333333,56.33,3
2024-09-08,9,2,96,4,87.6666666666666667,87.67,5
2024-09-08,9,3,45,3,72.0000000000000000,72.00,4
2024-09-08,9,4,109,5,73.3333333333333333,73.33,4
2024-09-08,10,1,74,3,48.0000000000000000,48.00,3
2024-09-08,10,2,84,4,92.3333333333333333,92.33,5
2024-09-08,10,3,96,4,83.0000000000000000,83.00,5
2024-09-08,10,4,64,3,43.6666666666666667,43.67,3
2024-09-08,11,1,106,5,91.3333333333333333,91.33,5
2024-09-08,11,2,82,4,97.3333333333333333,97.33,5
2024-09-08,11,3,50,3,71.0000000000000000,71.00,4
2024-09-08,11,4,108,5,56.3333333333333333,56.33,3
2024-09-08,12,1,68,3,59.6666666666666667,59.67,3
2024-09-08,12,2,22,3,29.3333333333333333,29.33,2
2024-09-08,12,3,71,3,77.6666666666666667,77.67,4
2024-09-08,12,4,115,5,79.0000000000000000,79.00,4
2024-09-08,13,1,88,4,66.0000000000000000,66.00,4
2024-09-08,13,2,46,3,65.0000000000000000,65.00,4
2024-09-08,13,3,44,3,66.6666666666666667,66.67,4
2024-09-08,13,4,27,3,65.6666666666666667,65.67,4
2024-09-08,14,1,109,5,84.6666666666666667,84.67,5
2024-09-08,14,2,48,3,60.0000000000000000,60.00,3
2024-09-08,14,3,119,5,73.0000000000000000,73.00,4
2024-09-08,14,4,31,3,70.3333333333333333,70.33,4
2024-09-08,15,1,43,3,53.6666666666666667,53.67,3
2024-09-08,15,2,65,3,57.6666666666666667,57.67,3
2024-09-08,15,3,85,4,93.6666666666666667,93.67,5
2024-09-08,15,4,50,3,90.0000000000000000,90.00,5
2024-09-08,16,1,113,5,76.3333333333333333,76.33,4
2024-09-08,16,2,108,5,81.3333333333333333,81.33,5
2024-09-08,16,3,119,5,76.6666666666666667,76.67,4
2024-09-08,16,4,80,4,69.0000000000000000,69.00,4
2024-09-08,17,1,105,5,67.6666666666666667,67.67,4
2024-09-08,17,2,54,3,64.0000000000000000,64.00,4
2024-09-08,17,3,63,3,57.3333333333333333,57.33,3
2024-09-08,17,4,72,3,80.3333333333333333,80.33,5
2024-09-08,18,1,49,3,56.6666666666666667,56.67,3
2024-09-08,18,2,81,4,82.0000000000000000,82.00,5
2024-09-08,18,3,70,3,73.3333333333333333,73.33,4
2024-09-08,18,4,29,3,72.6666666666666667,72.67,4
2024-09-08,19,1,81,4,76.0000000000000000,76.00,4
2024-09-08,19,2,30,3,56.3333333333333333,56.33,3
2024-09-08,19,3,42,3,49.3333333333333333,49.33,3
2024-09-08,19,4,95,4,63.0000000000000000,63.00,4
2024-09-08,20,1,30,3,68.0000000000000000,68.00,4
2024-09-08,20,2,81,4,54.3333333333333333,54.33,3
2024-09-08,20,3,80,4,79.6666666666666667,79.67,4
2024-09-08,20,4,32,3,57.0000000000000000,57.00,3
2024-09-08,21,1,73,3,51.3333333333333333,51.33,3
2024-09-08,21,2,85,4,66.6666666666666667,66.67,4
2024-09-08,21,3,53,3,78.6666666666666667,78.67,4
2024-09-08,21,4,88,4,65.6666666666666667,65.67,4
2024-09-08,22,1,70,3,72.3333333333333333,72.33,4
2024-09-08,22,2,117,5,71.6666666666666667,71.67,4
2024-09-08,22,3,75,3,54.3333333333333333,54.33,3
2024-09-08,22,4,80,4,77.3333333333333333,77.33,4
2024-09-08,23,1,69,3,80.6666666666666667,80.67,5
2024-09-08,23,2,39,3,79.0000000000000000,79.00,4
2024-09-08,23,3,51,3,61.0000000000000000,61.00,4
2024-09-08,23,4,31,3,66.0000000000000000,66.00,4
2024-09-09,0,1,43,3,68.3333333333333333,68.33,4
2024-09-09,0,2,65,3,59.3333333333333333,59.33,3
2024-09-09,0,3,97,4,88.6666666666666667,88.67,5
2024-09-09,0,4,35,3,55.6666666666666667,55.67,3
2024-09-09,1,1,34,3,74.6666666666666667,74.67,4
2024-09-09,1,2,95,4,76.3333333333333333,76.33,4
2024-09-09,1,3,38,3,61.6666666666666667,61.67,4
2024-09-09,1,4,110,5,101.3333333333333333,101.33,6
2024-09-09,2,1,56,3,51.0000000000000000,51.00,3
2024-09-09,2,2,67,3,80.6666666666666667,80.67,5
2024-09-09,2,3,50,3,73.0000000000000000,73.00,4
2024-09-09,2,4,75,3,88.6666666666666667,88.67,5
2024-09-09,3,1,50,3,83.3333333333333333,83.33,5
2024-09-09,3,2,55,3,62.6666666666666667,62.67,4
2024-09-09,3,3,75,3,91.3333333333333333,91.33,5
2024-09-09,3,4,21,3,62.0000000000000000,62.00,4
2024-09-09,4,1,107,5,92.6666666666666667,92.67,5
2024-09-09,4,2,24,3,56.3333333333333333,56.33,3
2024-09-09,4,3,31,3,39.3333333333333333,39.33,2
2024-09-09,4,4,79,3,60.0000000000000000,60.00,3
2024-09-09,5,1,91,4,97.6666666666666667,97.67,5
2024-09-09,5,2,89,4,74.0000000000000000,74.00,4
2024-09-09,5,3,114,5,88.0000000000000000,88.00,5
2024-09-09,5,4,24,3,60.6666666666666667,60.67,4
2024-09-09,6,1,50,3,73.3333333333333333,73.33,4
2024-09-09,6,2,28,3,53.3333333333333333,53.33,3
2024-09-09,6,3,62,3,77.3333333333333333,77.33,4
2024-09-09,6,4,108,5,74.6666666666666667,74.67,4
2024-09-09,7,1,117,5,76.3333333333333333,76.33,4
2024-09-09,7,2,21,3,70.6666666666666667,70.67,4
2024-09-09,7,3,88,4,71.3333333333333333,71.33,4
2024-09-09,7,4,106,5,71.6666666666666667,71.67,4
2024-09-09,8,1,62,3,74.0000000000000000,74.00,4
2024-09-09,8,2,117,5,102.0000000000000000,102.00,6
2024-09-09,8,3,90,4,79.6666666666666667,79.67,4
2024-09-09,8,4,105,5,55.0000000000000000,55.00,3
2024-09-09,9,1,29,3,50.0000000000000000,50.00,3
2024-09-09,9,2,45,3,72.3333333333333333,72.33,4
2024-09-09,9,3,57,3,70.0000000000000000,70.00,4
2024-09-09,9,4,36,3,64.6666666666666667,64.67,4
2024-09-09,10,1,97,4,102.0000000000000000,102.00,6
2024-09-09,10,2,89,4,72.0000000000000000,72.00,4
2024-09-09,10,3,56,3,43.3333333333333333,43.33,3
2024-09-09,10,4,59,3,83.0000000000000000,83.00,5
2024-09-09,11,1,89,4,51.0000000000000000,51.00,3
2024-09-09,11,2,20,3,52.3333333333333333,52.33,3
2024-09-09,11,3,20,3,41.0000000000000000,41.00,3
2024-09-09,11,4,101,5,52.6666666666666667,52.67,3
2024-09-09,12,1,46,3,53.6666666666666667,53.67,3
2024-09-09,12,2,23,3,60.0000000000000000,60.00,3
2024-09-09,12,3,88,4,44.0000000000000000,44.00,3
2024-09-09,12,4,31,3,70.6666666666666667,70.67,4
2024-09-09,13,1,82,4,89.0000000000000000,89.00,5
2024-09-09,13,2,38,3,86.0000000000000000,86.00,5
2024-09-09,13,3,88,4,82.6666666666666667,82.67,5
2024-09-09,13,4,76,3,74.6666666666666667,74.67,4
2024-09-09,14,1,33,3,76.6666666666666667,76.67,4
2024-09-09,14,2,47,3,74.6666666666666667,74.67,4
2024-09-09,14,3,119,5,80.3333333333333333,80.33,5
2024-09-09,14,4,55,3,50.0000000000000000,50.00,3
2024-09-09,15,1,53,3,61.0000000000000000,61.00,4
2024-09-09,15,2,89,4,85.6666666666666667,85.67,5
2024-09-09,15,3,66,3,71.0000000000000000,71.00,4
2024-09-09,15,4,60,3,52.0000000000000000,52.00,3
2024-09-09,16,1,114,5,72.0000000000000000,72.00,4
2024-09-09,16,2,83,4,65.0000000000000000,65.00,4
2024-09-09,16,3,67,3,56.0000000000000000,56.00,3
2024-09-09,16,4,74,3,58.3333333333333333,58.33,3
2024-09-09,17,1,72,3,69.3333333333333333,69.33,4
2024-09-09,17,2,80,4,68.6666666666666667,68.67,4
2024-09-09,17,3,50,3,79.6666666666666667,79.67,4
2024-09-09,17,4,117,5,102.0000000000000000,102.00,6
2024-09-09,18,1,44,3,49.3333333333333333,49.33,3
2024-09-09,18,2,87,4,88.3333333333333333,88.33,5
2024-09-09,18,3,85,4,75.3333333333333333,75.33,4
2024-09-09,18,4,36,3,43.3333333333333333,43.33,3
2024-09-09,19,1,31,3,45.3333333333333333,45.33,3
2024-09-09,19,2,104,5,64.3333333333333333,64.33,4
2024-09-09,19,3,40,3,44.6666666666666667,44.67,3
2024-09-09,19,4,101,5,73.0000000000000000,73.00,4
2024-09-09,20,1,26,3,76.3333333333333333,76.33,4
2024-09-09,20,2,106,5,86.0000000000000000,86.00,5
2024-09-09,20,3,75,3,65.0000000000000000,65.00,4
2024-09-09,20,4,106,5,79.6666666666666667,79.67,4
2024-09-09,21,1,118,5,59.6666666666666667,59.67,3
2024-09-09,21,2,51,3,56.0000000000000000,56.00,3
2024-09-09,21,3,36,3,52.6666666666666667,52.67,3
2024-09-09,21,4,35,3,69.3333333333333333,69.33,4
2024-09-09,22,1,83,4,84.0000000000000000,84.00,5
2024-09-09,22,2,77,3,85.6666666666666667,85.67,5
2024-09-09,22,3,57,3,73.0000000000000000,73.00,4
2024-09-09,22,4,102,5,83.6666666666666667,83.67,5
2024-09-09,23,1,88,4,92.6666666666666667,92.67,5
2024-09-09,23,2,46,3,54.6666666666666667,54.67,3
2024-09-09,23,3,35,3,55.6666666666666667,55.67,3
2024-09-09,23,4,62,3,88.3333333333333333,88.33,5
2024-09-10,0,1,23,3,58.2500000000000000,58.25,3
2024-09-10,0,2,50,3,78.0000000000000000,78.00,4
2024-09-10,0,3,88,4,72.2500000000000000,72.25,4
2024-09-10,0,4,77,3,87.2500000000000000,87.25,5
2024-09-10,1,1,54,3,59.5000000000000000,59.50,3
2024-09-10,1,2,25,3,84.0000000000000000,84.00,5
2024-09-10,1,3,82,4,66.7500000000000000,66.75,4
2024-09-10,1,4,52,3,63.0000000000000000,63.00,4
2024-09-10,2,1,97,4,92.5000000000000000,92.50,5
2024-09-10,2,2,72,3,91.2500000000000000,91.25,5
2024-09-10,2,3,86,4,70.0000000000000000,70.00,4
2024-09-10,2,4,82,4,79.5000000000000000,79.50,4
2024-09-10,3,1,33,3,52.2500000000000000,52.25,3
2024-09-10,3,2,26,3,48.7500000000000000,48.75,3
2024-09-10,3,3,74,3,53.0000000000000000,53.00,3
2024-09-10,3,4,37,3,60.7500000000000000,60.75,4
2024-09-10,4,1,111,5,89.2500000000000000,89.25,5
2024-09-10,4,2,68,3,70.2500000000000000,70.25,4
2024-09-10,4,3,48,3,71.2500000000000000,71.25,4
2024-09-10,4,4,74,3,104.0000000000000000,104.00,6
2024-09-10,5,1,100,5,66.0000000000000000,66.00,4
2024-09-10,5,2,85,4,89.7500000000000000,89.75,5
2024-09-10,5,3,31,3,48.0000000000000000,48.00,3
2024-09-10,5,4,94,4,85.0000000000000000,85.00,5
2024-09-10,6,1,33,3,76.5000000000000000,76.50,4
2024-09-10,6,2,80,4,71.2500000000000000,71.25,4
2024-09-10,6,3,27,3,37.2500000000000000,37.25,2
2024-09-10,6,4,88,4,79.0000000000000000,79.00,4
2024-09-10,7,1,67,3,78.0000000000000000,78.00,4
2024-09-10,7,2,66,3,51.5000000000000000,51.50,3
2024-09-10,7,3,30,3,55.7500000000000000,55.75,3
2024-09-10,7,4,85,4,75.5000000000000000,75.50,4
2024-09-10,8,1,57,3,30.0000000000000000,30.00,2
2024-09-10,8,2,94,4,62.7500000000000000,62.75,4
2024-09-10,8,3,117,5,78.2500000000000000,78.25,4
2024-09-10,8,4,73,3,64.7500000000000000,64.75,4
2024-09-10,9,1,98,4,61.0000000000000000,61.00,4
2024-09-10,9,2,114,5,75.0000000000000000,75.00,4
2024-09-10,9,3,118,5,102.7500000000000000,102.75,6
2024-09-10,9,4,37,3,58.2500000000000000,58.25,3
2024-09-10,10,1,63,3,47.7500000000000000,47.75,3
2024-09-10,10,2,80,4,76.7500000000000000,76.75,4
2024-09-10,10,3,84,4,60.5000000000000000,60.50,4
2024-09-10,10,4,90,4,60.5000000000000000,60.50,4
2024-09-10,11,1,42,3,43.2500000000000000,43.25,3
2024-09-10,11,2,74,3,47.2500000000000000,47.25,3
2024-09-10,11,3,51,3,65.7500000000000000,65.75,4
2024-09-10,11,4,46,3,55.7500000000000000,55.75,3
2024-09-10,12,1,70,3,58.7500000000000000,58.75,3
2024-09-10,12,2,55,3,72.5000000000000000,72.50,4
2024-09-10,12,3,87,4,78.2500000000000000,78.25,4
2024-09-10,12,4,83,4,74.7500000000000000,74.75,4
2024-09-10,13,1,45,3,87.0000000000000000,87.00,5
2024-09-10,13,2,21,3,77.5000000000000000,77.50,4
2024-09-10,13,3,23,3,60.7500000000000000,60.75,4
2024-09-10,13,4,80,4,64.0000000000000000,64.00,4
2024-09-10,14,1,86,4,85.5000000000000000,85.50,5
2024-09-10,14,2,25,3,63.2500000000000000,63.25,4
2024-09-10,14,3,77,3,85.2500000000000000,85.25,5
2024-09-10,14,4,61,3,77.2500000000000000,77.25,4
2024-09-10,15,1,46,3,61.5000000000000000,61.50,4
2024-09-10,15,2,54,3,60.5000000000000000,60.50,4
2024-09-10,15,3,87,4,74.0000000000000000,74.00,4
2024-09-10,15,4,23,3,55.7500000000000000,55.75,3
2024-09-10,16,1,85,4,66.5000000000000000,66.50,4
2024-09-10,16,2,102,5,82.5000000000000000,82.50,5
2024-09-10,16,3,28,3,60.7500000000000000,60.75,4
2024-09-10,16,4,36,3,78.0000000000000000,78.00,4
2024-09-10,17,1,31,3,68.5000000000000000,68.50,4
2024-09-10,17,2,30,3,59.0000000000000000,59.00,3
2024-09-10,17,3,45,3,50.0000000000000000,50.00,3
2024-09-10,17,4,104,5,73.0000000000000000,73.00,4
2024-09-10,18,1,54,3,55.5000000000000000,55.50,3
2024-09-10,18,2,27,3,52.2500000000000000,52.25,3
2024-09-10,18,3,111,5,94.5000000000000000,94.50,5
2024-09-10,18,4,91,4,47.7500000000000000,47.75,3
2024-09-10,19,1,110,5,64.5000000000000000,64.50,4
2024-09-10,19,2,55,3,60.0000000000000000,60.00,3
2024-09-10,19,3,64,3,61.7500000000000000,61.75,4
2024-09-10,19,4,95,4,78.0000000000000000,78.00,4
2024-09-10,20,1,45,3,42.2500000000000000,42.25,3
2024-09-10,20,2,117,5,68.5000000000000000,68.50,4
2024-09-10,20,3,23,3,52.7500000000000000,52.75,3
2024-09-10,20,4,56,3,44.5000000000000000,44.50,3
2024-09-10,21,1,36,3,77.7500000000000000,77.75,4
2024-09-10,21,2,52,3,65.2500000000000000,65.25,4
2024-09-10,21,3,44,3,67.7500000000000000,67.75,4
2024-09-10,21,4,103,5,78.7500000000000000,78.75,4
2024-09-10,22,1,64,3,71.2500000000000000,71.25,4
2024-09-10,22,2,51,3,44.2500000000000000,44.25,3
2024-09-10,22,3,70,3,62.7500000000000000,62.75,4
2024-09-10,22,4,80,4,67.5000000000000000,67.50,4
2024-09-10,23,1,117,5,99.2500000000000000,99.25,5
2024-09-10,23,2,74,3,84.0000000000000000,84.00,5
2024-09-10,23,3,30,3,74.7500000000000000,74.75,4
2024-09-10,23,4,53,3,51.0000000000000000,51.00,3
